sigla_uf,id_municipio,quantidade_bovinos_total
RO,1100015,319811
RO,1100023,317996
RO,1100031,113277
RO,1100049,312990
RO,1100056,109292
RO,1100064,225964
RO,1100072,311544
RO,1100080,204956
RO,1100098,310027
RO,1100106,63146
RO,1100114,439444
RO,1100122,305561
RO,1100130,228485
RO,1100148,175832
RO,1100155,271565
RO,1100189,161449
RO,1100205,448004
RO,1100254,230724
RO,1100262,93589
RO,1100288,190296
RO,1100296,117094
RO,1100304,98444
RO,1100320,183834
RO,1100338,300771
RO,1100346,182681
RO,1100379,139873
RO,1100403,194099
RO,1100452,318107
RO,1100502,106997
RO,1100601,207755
RO,1100700,303862
RO,1100809,100399
RO,1100908,61590
RO,1100924,318389
RO,1100940,146218
RO,1101005,227271
RO,1101104,56995
RO,1101203,97646
RO,1101302,85217
RO,1101401,181744
RO,1101435,118133
RO,1101450,125413
RO,1101468,103437
RO,1101476,71653
RO,1101484,63599
RO,1101492,279861
RO,1101500,135964
RO,1101559,78420
RO,1101609,220353
RO,1101708,128392
RO,1101757,122031
RO,1101807,116823
AC,1200013,125151
AC,1200054,28169
AC,1200104,142190
AC,1200138,148103
AC,1200179,119769
AC,1200203,30072
AC,1200252,91808
AC,1200302,89108
AC,1200328,6458
AC,1200336,12881
AC,1200344,27716
AC,1200351,10424
AC,1200385,171713
AC,1200393,7151
AC,1200401,290253
AC,1200427,15708
AC,1200435,7034
AC,1200450,193026
AC,1200500,176273
AC,1200609,115253
AC,1200708,150910
AC,1200807,180625
AM,1300029,300
AM,1300060,1236
AM,1300086,585
AM,1300102,899
AM,1300144,136801
AM,1300201,125
AM,1300300,42888
AM,1300409,0
AM,1300508,23593
AM,1300607,682
AM,1300631,2472
AM,1300680,20262
AM,1300706,202553
AM,1300805,3623
AM,1300839,828
AM,1300904,30985
AM,1301001,4760
AM,1301100,13008
AM,1301159,43764
AM,1301209,2267
AM,1301308,2316
AM,1301407,7739
AM,1301506,18797
AM,1301605,2346
AM,1301654,28027
AM,1301704,21841
AM,1301803,8303
AM,1301852,5172
AM,1301902,41272
AM,1301951,1306
AM,1302009,2865
AM,1302108,561
AM,1302207,944
AM,1302306,2331
AM,1302405,219429
AM,1302504,11298
AM,1302553,7805
AM,1302603,2171
AM,1302702,121840
AM,1302801,879
AM,1302900,19357
AM,1303007,27463
AM,1303106,5569
AM,1303205,297
AM,1303304,22492
AM,1303403,62231
AM,1303502,9491
AM,1303536,9300
AM,1303569,1834
AM,1303601,117
AM,1303700,969
AM,1303809,108
AM,1303908,228
AM,1303957,11791
AM,1304005,8111
AM,1304062,385
AM,1304104,2392
AM,1304203,1155
AM,1304237,938
AM,1304260,416
AM,1304302,15652
AM,1304401,13648
RR,1400027,97741
RR,1400050,68440
RR,1400100,21868
RR,1400159,55796
RR,1400175,53909
RR,1400209,30150
RR,1400233,56996
RR,1400282,40130
RR,1400308,84735
RR,1400407,14962
RR,1400456,20494
RR,1400472,55258
RR,1400506,28991
RR,1400605,35036
RR,1400704,16555
PA,1500107,8901
PA,1500131,33101
PA,1500206,9125
PA,1500305,1345
PA,1500347,447833
PA,1500404,151651
PA,1500503,10976
PA,1500602,719616
PA,1500701,68
PA,1500800,64
PA,1500859,187396
PA,1500909,6735
PA,1500958,67644
PA,1501006,30982
PA,1501105,33
PA,1501204,35306
PA,1501253,234943
PA,1501303,403
PA,1501402,0
PA,1501451,9926
PA,1501501,1752
PA,1501576,147902
PA,1501600,6945
PA,1501709,30732
PA,1501725,204359
PA,1501758,105161
PA,1501782,116499
PA,1501808,84
PA,1501907,1776
PA,1501956,41068
PA,1502004,19851
PA,1502103,493
PA,1502152,198958
PA,1502202,10835
PA,1502301,50150
PA,1502400,17591
PA,1502509,51041
PA,1502608,412
PA,1502707,177109
PA,1502756,6746
PA,1502764,491621
PA,1502772,211486
PA,1502806,21
PA,1502855,22062
PA,1502905,217
PA,1502939,34004
PA,1502954,251207
PA,1503002,3809
PA,1503044,102400
PA,1503077,38180
PA,1503093,166942
PA,1503101,288
PA,1503200,14838
PA,1503309,781
PA,1503408,5871
PA,1503457,84521
PA,1503507,37926
PA,1503606,133555
PA,1503705,372810
PA,1503754,70616
PA,1503804,96124
PA,1503903,15558
PA,1504000,0
PA,1504059,30389
PA,1504109,827
PA,1504208,634945
PA,1504307,3758
PA,1504406,1865
PA,1504422,40
PA,1504455,139371
PA,1504505,1243
PA,1504604,936
PA,1504703,55676
PA,1504752,22233
PA,1504802,111323
PA,1504901,3180
PA,1504950,23221
PA,1504976,96574
PA,1505007,11788
PA,1505031,434585
PA,1505064,640507
PA,1505106,112887
PA,1505205,1481
PA,1505304,53986
PA,1505403,13434
PA,1505437,155827
PA,1505486,380090
PA,1505494,60074
PA,1505502,154476
PA,1505536,74577
PA,1505551,54200
PA,1505601,14047
PA,1505635,369457
PA,1505650,138129
PA,1505700,8833
PA,1505809,13168
PA,1505908,50893
PA,1506005,42792
PA,1506104,624
PA,1506112,565
PA,1506138,140384
PA,1506161,340199
PA,1506187,222002
PA,1506195,123220
PA,1506203,0
PA,1506302,827
PA,1506351,162
PA,1506401,99
PA,1506500,5644
PA,1506559,35345
PA,1506583,361298
PA,1506609,8186
PA,1506708,422292
PA,1506807,45719
PA,1506906,2145
PA,1507003,1465
PA,1507102,2228
PA,1507151,116510
PA,1507201,15667
PA,1507300,1443335
PA,1507409,12611
PA,1507458,283136
PA,1507466,829
PA,1507474,2200
PA,1507508,58731
PA,1507607,27733
PA,1507706,0
PA,1507755,177265
PA,1507805,64816
PA,1507904,29885
PA,1507953,47556
PA,1507961,0
PA,1507979,22573
PA,1508001,42559
PA,1508035,14906
PA,1508050,63910
PA,1508084,231792
PA,1508100,54745
PA,1508126,41154
PA,1508159,200501
PA,1508209,4187
PA,1508308,90069
PA,1508357,101220
PA,1508407,261341
AP,1600055,366
AP,1600105,7804
AP,1600154,695
AP,1600204,1253
AP,1600212,290
AP,1600238,471
AP,1600253,588
AP,1600279,1770
AP,1600303,5989
AP,1600402,530
AP,1600501,2237
AP,1600535,4146
AP,1600550,2425
AP,1600600,1199
AP,1600709,5670
AP,1600808,1048
TO,1700251,69883
TO,1700301,8226
TO,1700350,50292
TO,1700400,29279
TO,1700707,44325
TO,1701002,80768
TO,1701051,15967
TO,1701101,17273
TO,1701309,65609
TO,1701903,61024
TO,1702000,281253
TO,1702109,183378
TO,1702158,45374
TO,1702208,119465
TO,1702307,94595
TO,1702406,124320
TO,1702554,33330
TO,1702703,22997
TO,1702901,9057
TO,1703008,47995
TO,1703057,109276
TO,1703073,13798
TO,1703107,37615
TO,1703206,76614
TO,1703305,17061
TO,1703602,36673
TO,1703701,36676
TO,1703800,23496
TO,1703826,6480
TO,1703842,22037
TO,1703867,59904
TO,1703883,31973
TO,1703891,14847
TO,1703909,29042
TO,1704105,14422
TO,1704600,28952
TO,1705102,21847
TO,1705508,81727
TO,1705557,13483
TO,1705607,21850
TO,1706001,52578
TO,1706100,56697
TO,1706258,36049
TO,1706506,14233
TO,1707009,25774
TO,1707108,710
TO,1707207,127335
TO,1707306,99906
TO,1707405,20024
TO,1707553,13631
TO,1707652,85761
TO,1707702,55474
TO,1708205,202850
TO,1708254,24370
TO,1708304,66814
TO,1709005,41387
TO,1709302,69448
TO,1709500,72466
TO,1709807,11101
TO,1710508,58203
TO,1710706,31329
TO,1710904,42148
TO,1711100,92758
TO,1711506,66604
TO,1711803,23609
TO,1711902,87050
TO,1711951,10865
TO,1712009,3319
TO,1712157,16940
TO,1712405,16527
TO,1712454,6667
TO,1712504,78641
TO,1712702,3197
TO,1712801,12416
TO,1713205,98836
TO,1713304,45753
TO,1713601,47416
TO,1713700,386
TO,1713809,26066
TO,1713957,57655
TO,1714203,39230
TO,1714302,7930
TO,1714880,66490
TO,1715002,18569
TO,1715101,11649
TO,1715150,16547
TO,1715259,9924
TO,1715507,4752
TO,1715705,48227
TO,1715754,48425
TO,1716109,57941
TO,1716208,73043
TO,1716307,101351
TO,1716505,18095
TO,1716604,149654
TO,1716653,101422
TO,1716703,71984
TO,1717008,53686
TO,1717206,69963
TO,1717503,162498
TO,1717800,17841
TO,1717909,42659
TO,1718006,6625
TO,1718204,91816
TO,1718303,12434
TO,1718402,31951
TO,1718451,17651
TO,1718501,26841
TO,1718550,32541
TO,1718659,544
TO,1718709,16570
TO,1718758,45431
TO,1718808,8234
TO,1718840,108970
TO,1718865,85478
TO,1718881,21899
TO,1718899,70172
TO,1718907,38381
TO,1719004,266
TO,1720002,7088
TO,1720101,25830
TO,1720150,2581
TO,1720200,18544
TO,1720259,17813
TO,1720309,14809
TO,1720499,34891
TO,1720655,30671
TO,1720804,24895
TO,1720853,37057
TO,1720903,45909
TO,1720937,11962
TO,1720978,80168
TO,1721000,17458
TO,1721109,10407
TO,1721208,15100
TO,1721257,7391
TO,1721307,11323
TO,1722081,19468
TO,1722107,93701
MA,2100055,261982
MA,2100105,730
MA,2100154,1692
MA,2100204,2199
MA,2100303,3938
MA,2100402,24380
MA,2100436,9928
MA,2100477,43543
MA,2100501,23164
MA,2100550,10478
MA,2100600,188959
MA,2100709,17830
MA,2100808,1501
MA,2100832,267
MA,2100873,30090
MA,2100907,7965
MA,2100956,71378
MA,2101004,27718
MA,2101103,270
MA,2101202,106432
MA,2101251,3117
MA,2101301,1676
MA,2101350,4587
MA,2101400,44778
MA,2101509,5457
MA,2101608,77047
MA,2101707,3260
MA,2101731,358
MA,2101772,7060
MA,2101806,7772
MA,2101905,8793
MA,2101939,9362
MA,2101970,9371
MA,2102002,89393
MA,2102036,63488
MA,2102077,33482
MA,2102101,10376
MA,2102150,38367
MA,2102200,5768
MA,2102309,21820
MA,2102325,70358
MA,2102358,54176
MA,2102374,468
MA,2102408,3180
MA,2102507,13597
MA,2102556,41775
MA,2102606,6892
MA,2102705,5735
MA,2102754,22020
MA,2102804,86610
MA,2102903,7914
MA,2103000,19947
MA,2103109,568
MA,2103125,418
MA,2103158,24175
MA,2103174,32302
MA,2103208,12240
MA,2103257,76634
MA,2103307,62975
MA,2103406,2164
MA,2103505,24143
MA,2103554,13091
MA,2103604,25889
MA,2103703,802
MA,2103752,13407
MA,2103802,15225
MA,2103901,246
MA,2104008,15223
MA,2104057,93404
MA,2104073,56457
MA,2104081,12728
MA,2104099,84512
MA,2104107,53326
MA,2104206,11714
MA,2104305,5254
MA,2104404,23562
MA,2104503,20970
MA,2104552,27127
MA,2104602,26706
MA,2104628,6293
MA,2104651,33095
MA,2104677,17067
MA,2104701,9007
MA,2104800,127714
MA,2104909,529
MA,2105005,1330
MA,2105104,666
MA,2105153,9310
MA,2105203,14865
MA,2105302,67583
MA,2105351,29050
MA,2105401,7492
MA,2105427,97861
MA,2105450,7870
MA,2105476,37867
MA,2105500,82702
MA,2105609,14515
MA,2105658,16042
MA,2105708,52163
MA,2105807,13308
MA,2105906,34043
MA,2105922,17950
MA,2105948,8691
MA,2105963,25819
MA,2105989,39700
MA,2106003,7419
MA,2106102,19442
MA,2106201,5610
MA,2106300,6286
MA,2106326,22528
MA,2106359,24058
MA,2106375,28508
MA,2106409,1219
MA,2106508,17770
MA,2106607,12490
MA,2106631,12333
MA,2106672,5046
MA,2106706,26833
MA,2106755,9975
MA,2106805,1499
MA,2106904,24702
MA,2107001,28838
MA,2107100,692
MA,2107209,982
MA,2107258,21537
MA,2107308,5940
MA,2107357,27232
MA,2107407,54575
MA,2107456,4976
MA,2107506,571
MA,2107605,6219
MA,2107704,10917
MA,2107803,50040
MA,2107902,17653
MA,2108009,19410
MA,2108058,2742
MA,2108108,54395
MA,2108207,5654
MA,2108256,52102
MA,2108306,21553
MA,2108405,2845
MA,2108454,13758
MA,2108504,8739
MA,2108603,14522
MA,2108702,22888
MA,2108801,7108
MA,2108900,39628
MA,2109007,82949
MA,2109056,334
MA,2109106,34823
MA,2109205,271
MA,2109239,12800
MA,2109270,9335
MA,2109304,890
MA,2109403,518
MA,2109452,243
MA,2109502,87140
MA,2109551,35894
MA,2109601,428
MA,2109700,13970
MA,2109759,17206
MA,2109809,17196
MA,2109908,31889
MA,2110005,136724
MA,2110039,31768
MA,2110104,2881
MA,2110203,8066
MA,2110237,1044
MA,2110278,752
MA,2110302,23008
MA,2110401,1005
MA,2110500,4352
MA,2110609,5453
MA,2110658,6761
MA,2110708,30000
MA,2110807,11535
MA,2110856,58670
MA,2110906,8038
MA,2111003,12246
MA,2111029,18362
MA,2111052,78955
MA,2111078,4536
MA,2111102,11404
MA,2111201,668
MA,2111250,10901
MA,2111300,446
MA,2111409,41038
MA,2111508,17531
MA,2111532,31607
MA,2111573,37315
MA,2111607,19830
MA,2111631,17641
MA,2111672,9189
MA,2111706,5009
MA,2111722,16247
MA,2111748,9150
MA,2111763,49366
MA,2111789,1928
MA,2111805,90458
MA,2111904,11647
MA,2111953,3771
MA,2112001,10625
MA,2112100,7241
MA,2112209,9081
MA,2112233,6542
MA,2112274,8737
MA,2112308,107241
MA,2112407,10717
MA,2112456,12346
MA,2112506,3974
MA,2112605,1484
MA,2112704,6623
MA,2112803,14189
MA,2112852,67817
MA,2112902,15537
MA,2113009,66724
MA,2114007,52850
PI,2200053,6157
PI,2200103,1696
PI,2200202,2774
PI,2200251,5707
PI,2200277,3648
PI,2200301,14894
PI,2200400,7636
PI,2200459,7382
PI,2200509,9460
PI,2200608,4037
PI,2200707,2157
PI,2200806,2184
PI,2200905,6416
PI,2200954,3371
PI,2201002,3379
PI,2201051,4533
PI,2201101,11587
PI,2201150,13805
PI,2201176,2221
PI,2201200,16267
PI,2201309,4647
PI,2201408,1654
PI,2201507,15833
PI,2201556,5802
PI,2201572,1970
PI,2201606,4919
PI,2201705,8326
PI,2201739,2662
PI,2201770,1696
PI,2201804,3442
PI,2201903,27183
PI,2201919,2942
PI,2201929,1696
PI,2201945,1329
PI,2201960,3874
PI,2201988,5731
PI,2202000,5821
PI,2202026,7181
PI,2202059,5883
PI,2202075,4010
PI,2202083,1059
PI,2202091,3277
PI,2202109,7480
PI,2202117,2398
PI,2202133,2134
PI,2202174,4300
PI,2202208,22434
PI,2202251,8890
PI,2202307,9487
PI,2202406,4001
PI,2202455,3390
PI,2202505,4401
PI,2202539,8589
PI,2202554,4406
PI,2202604,11112
PI,2202653,4045
PI,2202703,7289
PI,2202711,2412
PI,2202729,2151
PI,2202737,2945
PI,2202752,6218
PI,2202778,7990
PI,2202802,3714
PI,2202851,2811
PI,2202901,30252
PI,2203008,21087
PI,2203107,5415
PI,2203206,20698
PI,2203230,14683
PI,2203255,3672
PI,2203271,2806
PI,2203305,1741
PI,2203354,3719
PI,2203404,1143
PI,2203420,3182
PI,2203453,7753
PI,2203503,15474
PI,2203602,6351
PI,2203701,9225
PI,2203750,3354
PI,2203800,4741
PI,2203859,2641
PI,2203909,10882
PI,2204006,3022
PI,2204105,3314
PI,2204154,1621
PI,2204204,3690
PI,2204303,6134
PI,2204352,3254
PI,2204402,10671
PI,2204501,5283
PI,2204550,2128
PI,2204600,1306
PI,2204659,1593
PI,2204709,7020
PI,2204808,3969
PI,2204907,8954
PI,2205003,7509
PI,2205102,14178
PI,2205151,10918
PI,2205201,4195
PI,2205250,3362
PI,2205276,7416
PI,2205300,6757
PI,2205359,3509
PI,2205409,11402
PI,2205458,4594
PI,2205508,14443
PI,2205516,4184
PI,2205524,11912
PI,2205532,2619
PI,2205540,1330
PI,2205557,1850
PI,2205565,3530
PI,2205573,1187
PI,2205581,3076
PI,2205599,3860
PI,2205607,7566
PI,2205706,8959
PI,2205805,8088
PI,2205854,4341
PI,2205904,8013
PI,2205953,723
PI,2206001,5726
PI,2206050,2836
PI,2206100,2299
PI,2206209,7384
PI,2206308,203
PI,2206357,3605
PI,2206407,2723
PI,2206506,5529
PI,2206605,24805
PI,2206654,291
PI,2206670,4167
PI,2206696,3994
PI,2206704,6730
PI,2206720,4060
PI,2206753,3844
PI,2206803,4105
PI,2206902,7201
PI,2206951,4398
PI,2207009,13568
PI,2207108,2801
PI,2207207,2340
PI,2207306,3624
PI,2207355,5106
PI,2207405,7540
PI,2207504,5985
PI,2207553,2419
PI,2207603,44989
PI,2207702,6201
PI,2207751,4509
PI,2207777,5313
PI,2207793,1910
PI,2207801,9591
PI,2207850,2306
PI,2207900,5829
PI,2207934,5143
PI,2207959,5805
PI,2208007,9051
PI,2208106,15167
PI,2208205,7348
PI,2208304,13754
PI,2208403,11185
PI,2208502,3003
PI,2208551,6388
PI,2208601,1317
PI,2208650,5639
PI,2208700,12423
PI,2208809,3606
PI,2208858,15174
PI,2208874,6539
PI,2208908,9278
PI,2209005,5499
PI,2209104,5627
PI,2209153,19214
PI,2209203,14381
PI,2209302,14231
PI,2209351,942
PI,2209377,5429
PI,2209401,2640
PI,2209450,209
PI,2209500,5300
PI,2209559,1303
PI,2209609,6039
PI,2209658,3982
PI,2209708,5943
PI,2209757,6253
PI,2209807,2392
PI,2209856,1201
PI,2209872,2983
PI,2209906,8812
PI,2209955,1468
PI,2209971,2325
PI,2210003,6280
PI,2210052,8545
PI,2210102,308
PI,2210201,3420
PI,2210300,2878
PI,2210359,1947
PI,2210375,1537
PI,2210383,2354
PI,2210391,180
PI,2210409,16060
PI,2210508,6418
PI,2210607,4562
PI,2210623,282
PI,2210631,7888
PI,2210656,7211
PI,2210706,7404
PI,2210805,9933
PI,2210904,3667
PI,2210938,2221
PI,2210953,2587
PI,2210979,1233
PI,2211001,9627
PI,2211100,10153
PI,2211209,20823
PI,2211308,6771
PI,2211357,2541
PI,2211407,1542
PI,2211506,2286
PI,2211605,3568
PI,2211704,3555
CE,2300101,6181
CE,2300150,643
CE,2300200,6341
CE,2300309,45440
CE,2300408,11006
CE,2300507,788
CE,2300606,1582
CE,2300705,21885
CE,2300754,11312
CE,2300804,2700
CE,2300903,5339
CE,2301000,12279
CE,2301109,5422
CE,2301208,7298
CE,2301257,4837
CE,2301307,9714
CE,2301406,1252
CE,2301505,12408
CE,2301604,16420
CE,2301703,18401
CE,2301802,7170
CE,2301851,16484
CE,2301901,6652
CE,2301950,3591
CE,2302008,12372
CE,2302057,1008
CE,2302107,2533
CE,2302206,6841
CE,2302305,6145
CE,2302404,29794
CE,2302503,21974
CE,2302602,2360
CE,2302701,7768
CE,2302800,16048
CE,2302909,2986
CE,2303006,3830
CE,2303105,8689
CE,2303204,9993
CE,2303303,14553
CE,2303402,1076
CE,2303501,5203
CE,2303600,7393
CE,2303659,5146
CE,2303709,10627
CE,2303808,18832
CE,2303907,1079
CE,2303931,6736
CE,2303956,2109
CE,2304004,8226
CE,2304103,37214
CE,2304202,10214
CE,2304236,1981
CE,2304251,2675
CE,2304269,10831
CE,2304277,7347
CE,2304285,1048
CE,2304301,10931
CE,2304350,5435
CE,2304400,889
CE,2304459,665
CE,2304509,2123
CE,2304608,2145
CE,2304657,3196
CE,2304707,13674
CE,2304806,2846
CE,2304905,4268
CE,2304954,3975
CE,2305001,4374
CE,2305100,278
CE,2305209,13459
CE,2305233,6269
CE,2305266,10687
CE,2305308,3878
CE,2305332,7140
CE,2305357,2948
CE,2305407,28954
CE,2305506,40045
CE,2305605,35785
CE,2305654,7679
CE,2305704,9204
CE,2305803,7225
CE,2305902,9652
CE,2306009,15719
CE,2306108,13292
CE,2306207,1990
CE,2306256,2714
CE,2306306,4621
CE,2306405,15728
CE,2306504,7020
CE,2306553,6261
CE,2306603,4544
CE,2306702,37366
CE,2306801,13406
CE,2306900,33723
CE,2307007,12066
CE,2307106,9970
CE,2307205,3247
CE,2307254,1126
CE,2307304,7717
CE,2307403,19557
CE,2307502,18628
CE,2307601,18785
CE,2307635,11395
CE,2307650,786
CE,2307700,17936
CE,2307809,5070
CE,2307908,1231
CE,2308005,6685
CE,2308104,24724
CE,2308203,857
CE,2308302,12361
CE,2308351,24389
CE,2308377,6956
CE,2308401,13499
CE,2308500,32289
CE,2308609,9908
CE,2308708,47452
CE,2308807,3067
CE,2308906,5249
CE,2309003,2415
CE,2309102,713
CE,2309201,5985
CE,2309300,9454
CE,2309409,13624
CE,2309458,6902
CE,2309508,15038
CE,2309607,5739
CE,2309706,2118
CE,2309805,910
CE,2309904,1211
CE,2310001,3489
CE,2310100,3015
CE,2310209,1850
CE,2310258,2623
CE,2310308,19008
CE,2310407,2996
CE,2310506,19839
CE,2310605,3331
CE,2310704,11003
CE,2310803,4330
CE,2310852,3379
CE,2310902,13462
CE,2310951,3621
CE,2311009,4044
CE,2311108,10236
CE,2311207,7845
CE,2311231,8335
CE,2311264,14038
CE,2311306,27743
CE,2311355,22243
CE,2311405,70742
CE,2311504,3357
CE,2311603,1696
CE,2311702,4216
CE,2311801,22287
CE,2311900,12099
CE,2311959,6197
CE,2312007,14036
CE,2312106,4111
CE,2312205,31631
CE,2312304,4571
CE,2312403,3161
CE,2312502,6103
CE,2312601,1134
CE,2312700,20713
CE,2312809,1898
CE,2312908,23517
CE,2313005,28940
CE,2313104,13036
CE,2313203,17822
CE,2313252,5738
CE,2313302,42640
CE,2313351,4874
CE,2313401,3615
CE,2313500,10845
CE,2313559,2327
CE,2313609,3434
CE,2313708,6211
CE,2313757,6787
CE,2313807,1138
CE,2313906,5565
CE,2313955,2244
CE,2314003,19786
CE,2314102,6927
RN,2400109,8611
RN,2400208,9721
RN,2400307,5493
RN,2400406,1216
RN,2400505,10692
RN,2400604,3187
RN,2400703,2429
RN,2400802,6488
RN,2400901,3530
RN,2401008,18386
RN,2401107,597
RN,2401206,1005
RN,2401305,17558
RN,2401404,1060
RN,2401453,3634
RN,2401503,2199
RN,2401602,6757
RN,2401651,815
RN,2401701,4386
RN,2401800,4049
RN,2401859,526
RN,2401909,1647
RN,2402006,26825
RN,2402105,4584
RN,2402204,2296
RN,2402303,13098
RN,2402402,2298
RN,2402501,6202
RN,2402600,13381
RN,2402709,5761
RN,2402808,1454
RN,2402907,1509
RN,2403004,9669
RN,2403103,7661
RN,2403202,2970
RN,2403251,199
RN,2403301,3290
RN,2403400,1139
RN,2403509,4249
RN,2403608,1229
RN,2403707,1385
RN,2403756,2171
RN,2403806,8912
RN,2403905,2540
RN,2404002,1839
RN,2404101,535
RN,2404200,5554
RN,2404309,3468
RN,2404408,540
RN,2404507,1417
RN,2404606,9294
RN,2404705,7061
RN,2404804,90
RN,2404853,2168
RN,2404903,1111
RN,2405009,956
RN,2405108,2457
RN,2405207,4683
RN,2405306,3781
RN,2405405,1965
RN,2405504,2363
RN,2405603,12223
RN,2405702,8085
RN,2405801,9936
RN,2405900,1988
RN,2406007,5762
RN,2406106,20596
RN,2406155,2213
RN,2406205,2349
RN,2406304,5315
RN,2406403,63
RN,2406502,5388
RN,2406601,2608
RN,2406700,5240
RN,2406809,130
RN,2406908,1003
RN,2407005,1598
RN,2407104,10150
RN,2407203,1782
RN,2407252,1990
RN,2407302,6262
RN,2407401,1163
RN,2407500,1015
RN,2407609,4358
RN,2407708,3837
RN,2407807,8005
RN,2407906,1793
RN,2408003,9565
RN,2408102,387
RN,2408201,3825
RN,2408300,15382
RN,2408409,1906
RN,2408508,5198
RN,2408607,2396
RN,2408706,5096
RN,2408805,2971
RN,2408904,5937
RN,2408953,679
RN,2409100,2015
RN,2409209,2593
RN,2409308,5681
RN,2409332,4648
RN,2409407,5113
RN,2409506,1153
RN,2409605,2868
RN,2409704,6951
RN,2409803,6189
RN,2409902,3049
RN,2410009,115
RN,2410108,2899
RN,2410207,1301
RN,2410256,799
RN,2410306,3059
RN,2410405,5451
RN,2410504,3278
RN,2410603,2897
RN,2410702,1497
RN,2410801,2759
RN,2410900,5452
RN,2411007,1875
RN,2411056,4028
RN,2411106,2437
RN,2411205,5008
RN,2411403,17840
RN,2411429,2258
RN,2411502,9178
RN,2411601,1914
RN,2411700,1859
RN,2411809,9482
RN,2411908,2498
RN,2412005,7699
RN,2412104,6503
RN,2412203,7431
RN,2412302,5187
RN,2412401,5983
RN,2412500,3320
RN,2412559,1219
RN,2412609,6212
RN,2412708,5719
RN,2412807,9211
RN,2412906,5183
RN,2413003,3420
RN,2413102,4451
RN,2413201,77
RN,2413300,2474
RN,2413359,1075
RN,2413409,10204
RN,2413508,7057
RN,2413557,1453
RN,2413607,3462
RN,2413706,2769
RN,2413805,93
RN,2413904,11609
RN,2414001,5256
RN,2414100,4494
RN,2414159,1535
RN,2414209,551
RN,2414308,113
RN,2414407,6844
RN,2414456,2444
RN,2414506,3908
RN,2414605,8126
RN,2414704,3459
RN,2414753,1168
RN,2414803,3587
RN,2414902,394
RN,2415008,92
PB,2500106,3699
PB,2500205,6621
PB,2500304,15328
PB,2500403,4412
PB,2500502,5431
PB,2500536,4019
PB,2500577,898
PB,2500601,1937
PB,2500700,15138
PB,2500734,1353
PB,2500775,5999
PB,2500809,14693
PB,2500908,3921
PB,2501005,9070
PB,2501104,10340
PB,2501153,808
PB,2501203,1469
PB,2501302,8990
PB,2501351,966
PB,2501401,997
PB,2501500,13238
PB,2501534,1016
PB,2501575,12295
PB,2501609,6911
PB,2501708,2582
PB,2501807,147
PB,2501906,5243
PB,2502003,11413
PB,2502052,862
PB,2502102,3149
PB,2502151,4210
PB,2502201,1101
PB,2502300,3561
PB,2502409,5127
PB,2502508,7466
PB,2502607,5526
PB,2502706,1109
PB,2502805,9957
PB,2502904,1667
PB,2503001,891
PB,2503100,2950
PB,2503209,134
PB,2503308,4733
PB,2503407,3002
PB,2503506,5339
PB,2503555,1337
PB,2503605,5080
PB,2503704,12597
PB,2503753,6252
PB,2503803,3862
PB,2503902,2024
PB,2504009,10818
PB,2504033,525
PB,2504074,1337
PB,2504108,964
PB,2504157,3625
PB,2504207,5154
PB,2504306,12203
PB,2504355,4475
PB,2504405,11665
PB,2504504,5616
PB,2504603,1539
PB,2504702,1011
PB,2504801,11552
PB,2504850,586
PB,2504900,1819
PB,2505006,1941
PB,2505105,8567
PB,2505204,2491
PB,2505238,4280
PB,2505279,3047
PB,2505303,3204
PB,2505352,3322
PB,2505402,3012
PB,2505501,1223
PB,2505600,2771
PB,2505709,4998
PB,2505808,2184
PB,2505907,2731
PB,2506004,5601
PB,2506103,4487
PB,2506202,2748
PB,2506251,1286
PB,2506301,9752
PB,2506400,9870
PB,2506509,1935
PB,2506608,3834
PB,2506707,3949
PB,2506806,6560
PB,2506905,7743
PB,2507002,9984
PB,2507101,7336
PB,2507200,8459
PB,2507309,6261
PB,2507408,5005
PB,2507507,1445
PB,2507606,2144
PB,2507705,4463
PB,2507804,1557
PB,2507903,1238
PB,2508000,6144
PB,2508109,2076
PB,2508208,5723
PB,2508307,4407
PB,2508406,1742
PB,2508505,4028
PB,2508554,2055
PB,2508604,449
PB,2508703,1502
PB,2508802,2821
PB,2508901,2937
PB,2509008,6041
PB,2509057,307
PB,2509107,6779
PB,2509156,1624
PB,2509206,7264
PB,2509305,1236
PB,2509339,1029
PB,2509370,1804
PB,2509396,872
PB,2509404,6820
PB,2509503,1269
PB,2509602,1827
PB,2509701,17170
PB,2509800,13063
PB,2509909,2255
PB,2510006,3386
PB,2510105,1000
PB,2510204,2163
PB,2510303,3029
PB,2510402,7416
PB,2510501,2843
PB,2510600,2358
PB,2510659,1601
PB,2510709,822
PB,2510808,8844
PB,2510907,21705
PB,2511004,3034
PB,2511103,4362
PB,2511202,2575
PB,2511301,14137
PB,2511400,7924
PB,2511509,4229
PB,2511608,1413
PB,2511707,2272
PB,2511806,3374
PB,2511905,566
PB,2512002,4976
PB,2512036,998
PB,2512077,3214
PB,2512101,23340
PB,2512200,2639
PB,2512309,6602
PB,2512408,2644
PB,2512507,16012
PB,2512606,1439
PB,2512705,3613
PB,2512721,2606
PB,2512747,2750
PB,2512754,1454
PB,2512762,1967
PB,2512788,49
PB,2512804,7940
PB,2512903,1791
PB,2513000,1021
PB,2513109,6507
PB,2513158,5156
PB,2513208,6048
PB,2513307,6394
PB,2513356,3959
PB,2513406,4681
PB,2513505,4259
PB,2513604,6944
PB,2513653,811
PB,2513703,1034
PB,2513802,4253
PB,2513851,1356
PB,2513901,9107
PB,2513927,4649
PB,2513943,904
PB,2513968,4313
PB,2513984,2545
PB,2514008,3602
PB,2514107,3031
PB,2514206,6636
PB,2514305,2604
PB,2514404,14299
PB,2514453,3870
PB,2514503,14321
PB,2514552,4101
PB,2514602,1259
PB,2514651,5627
PB,2514701,2924
PB,2514800,3309
PB,2514909,505
PB,2515005,3442
PB,2515104,2489
PB,2515203,3142
PB,2515302,6237
PB,2515401,2806
PB,2515500,3823
PB,2515609,1604
PB,2515708,1579
PB,2515807,3121
PB,2515906,2777
PB,2515930,2242
PB,2515971,2990
PB,2516003,7386
PB,2516102,940
PB,2516151,1891
PB,2516201,16853
PB,2516300,5692
PB,2516409,10031
PB,2516508,7470
PB,2516607,7259
PB,2516706,2117
PB,2516755,635
PB,2516805,6852
PB,2516904,6750
PB,2517001,5129
PB,2517100,2510
PB,2517209,3284
PB,2517407,1351
PE,2600054,256
PE,2600104,7305
PE,2600203,10811
PE,2600302,7592
PE,2600401,12025
PE,2600500,19943
PE,2600609,7329
PE,2600708,2772
PE,2600807,23747
PE,2600906,4253
PE,2601003,4111
PE,2601052,0
PE,2601102,13371
PE,2601201,6245
PE,2601300,2756
PE,2601409,6056
PE,2601508,4446
PE,2601607,5968
PE,2601706,7288
PE,2601805,4220
PE,2601904,6563
PE,2602001,29452
PE,2602100,26762
PE,2602209,8660
PE,2602308,12373
PE,2602407,7262
PE,2602506,2111
PE,2602605,8755
PE,2602704,2394
PE,2602803,38448
PE,2602902,1571
PE,2603009,7661
PE,2603108,794
PE,2603207,12248
PE,2603306,4315
PE,2603405,1507
PE,2603454,231
PE,2603504,1774
PE,2603603,809
PE,2603702,25033
PE,2603801,16057
PE,2603900,5460
PE,2603926,4375
PE,2604007,3464
PE,2604106,10798
PE,2604155,6206
PE,2604205,2748
PE,2604304,4406
PE,2604403,629
PE,2604502,2197
PE,2604601,832
PE,2604700,22229
PE,2604809,695
PE,2604908,9734
PE,2605004,5487
PE,2605103,14872
PE,2605152,7044
PE,2605202,2679
PE,2605301,27296
PE,2605400,3526
PE,2605459,122
PE,2605509,1036
PE,2605608,9709
PE,2605707,9746
PE,2605806,6517
PE,2605905,1507
PE,2606002,14549
PE,2606101,5541
PE,2606200,1231
PE,2606309,8181
PE,2606408,6189
PE,2606507,12895
PE,2606606,6611
PE,2606705,9142
PE,2606804,489
PE,2606903,9177
PE,2607000,4495
PE,2607109,3842
PE,2607208,1514
PE,2607307,4621
PE,2607406,916
PE,2607505,34623
PE,2607604,38
PE,2607653,2594
PE,2607703,7287
PE,2607752,42
PE,2607802,650
PE,2607901,1046
PE,2607950,1536
PE,2608008,4940
PE,2608057,1650
PE,2608107,7589
PE,2608206,913
PE,2608255,5092
PE,2608305,3735
PE,2608404,6951
PE,2608453,3980
PE,2608503,1504
PE,2608602,10401
PE,2608701,10333
PE,2608750,3583
PE,2608800,7062
PE,2608909,11016
PE,2609006,4253
PE,2609105,2369
PE,2609154,7614
PE,2609204,5521
PE,2609303,3567
PE,2609402,1661
PE,2609501,2487
PE,2609600,22
PE,2609709,6598
PE,2609808,2620
PE,2609907,17351
PE,2610004,1855
PE,2610103,10578
PE,2610202,13437
PE,2610301,4159
PE,2610400,13904
PE,2610509,7962
PE,2610608,3622
PE,2610707,340
PE,2610806,27412
PE,2610905,16886
PE,2611002,3194
PE,2611101,8023
PE,2611200,4125
PE,2611309,4181
PE,2611408,1097
PE,2611507,13039
PE,2611533,5132
PE,2611606,519
PE,2611705,6230
PE,2611804,2322
PE,2611903,1891
PE,2612000,6165
PE,2612109,2063
PE,2612208,9862
PE,2612307,6324
PE,2612406,8702
PE,2612455,4085
PE,2612471,2938
PE,2612505,3397
PE,2612554,3666
PE,2612604,6764
PE,2612703,2308
PE,2612802,2948
PE,2612901,5338
PE,2613008,30575
PE,2613107,6930
PE,2613206,8358
PE,2613305,5901
PE,2613404,2553
PE,2613503,12066
PE,2613602,13409
PE,2613701,2475
PE,2613800,3136
PE,2613909,24186
PE,2614006,17265
PE,2614105,16979
PE,2614204,843
PE,2614303,5863
PE,2614402,2037
PE,2614501,8578
PE,2614600,9226
PE,2614709,2833
PE,2614808,6502
PE,2614857,2709
PE,2615003,6288
PE,2615102,6406
PE,2615201,2039
PE,2615300,4395
PE,2615409,29
PE,2615508,1313
PE,2615607,1805
PE,2615706,3558
PE,2615805,14815
PE,2615904,2985
PE,2616001,15660
PE,2616100,2519
PE,2616183,2500
PE,2616209,6074
PE,2616308,2258
PE,2616407,5859
PE,2616506,2182
AL,2700102,7396
AL,2700201,7448
AL,2700300,10377
AL,2700409,8937
AL,2700508,411
AL,2700607,0
AL,2700706,10976
AL,2700805,2979
AL,2700904,393
AL,2701001,6536
AL,2701100,3659
AL,2701209,13704
AL,2701308,3680
AL,2701357,1813
AL,2701407,576
AL,2701506,9954
AL,2701605,16696
AL,2701704,10810
AL,2701803,3016
AL,2701902,21092
AL,2702009,3845
AL,2702108,3363
AL,2702207,125
AL,2702306,8790
AL,2702355,7321
AL,2702405,5833
AL,2702504,5754
AL,2702553,8187
AL,2702603,7095
AL,2702702,604
AL,2702801,13858
AL,2702900,21160
AL,2703007,10259
AL,2703106,12508
AL,2703205,18473
AL,2703304,11819
AL,2703403,8759
AL,2703502,13844
AL,2703601,1163
AL,2703700,184
AL,2703759,315
AL,2703809,6631
AL,2703908,2734
AL,2704005,6575
AL,2704104,3123
AL,2704203,8407
AL,2704302,3263
AL,2704401,22230
AL,2704500,6190
AL,2704609,6031
AL,2704708,1060
AL,2704807,8894
AL,2704906,8392
AL,2705002,13970
AL,2705101,4407
AL,2705200,2548
AL,2705309,9458
AL,2705408,3846
AL,2705507,18874
AL,2705606,3572
AL,2705705,7547
AL,2705804,4107
AL,2705903,8194
AL,2706000,7847
AL,2706109,4471
AL,2706208,69
AL,2706307,16327
AL,2706406,15036
AL,2706422,2350
AL,2706448,230
AL,2706505,6773
AL,2706604,9396
AL,2706703,10825
AL,2706802,1585
AL,2706901,5320
AL,2707008,7648
AL,2707107,6951
AL,2707206,7873
AL,2707305,10107
AL,2707404,5574
AL,2707503,10442
AL,2707602,17038
AL,2707701,2782
AL,2707800,0
AL,2707909,347
AL,2708006,11330
AL,2708105,16331
AL,2708204,5179
AL,2708303,5971
AL,2708402,13562
AL,2708501,6077
AL,2708600,2642
AL,2708709,1560
AL,2708808,12456
AL,2708907,919
AL,2708956,9455
AL,2709004,6217
AL,2709103,6423
AL,2709152,3775
AL,2709202,23360
AL,2709301,12833
AL,2709400,23307
SE,2800100,2063
SE,2800209,17251
SE,2800308,577
SE,2800407,12209
SE,2800506,2533
SE,2800605,252
SE,2800670,13674
SE,2800704,3529
SE,2801009,11471
SE,2801108,8657
SE,2801207,18372
SE,2801306,16207
SE,2801405,28650
SE,2801504,3616
SE,2801603,4498
SE,2801702,9862
SE,2801900,7720
SE,2802007,7123
SE,2802106,22375
SE,2802205,436
SE,2802304,17986
SE,2802403,25947
SE,2802502,1620
SE,2802601,8835
SE,2802700,2227
SE,2802809,8409
SE,2802908,17237
SE,2803005,28538
SE,2803104,568
SE,2803203,20714
SE,2803302,5861
SE,2803401,9673
SE,2803500,51312
SE,2803609,3014
SE,2803708,6578
SE,2803807,2488
SE,2803906,4373
SE,2804003,3094
SE,2804102,9535
SE,2804201,1082
SE,2804300,4765
SE,2804409,6304
SE,2804458,20447
SE,2804508,38906
SE,2804607,27328
SE,2804706,326
SE,2804805,4521
SE,2804904,8459
SE,2805000,4476
SE,2805109,3351
SE,2805208,5015
SE,2805307,2684
SE,2805406,42523
SE,2805505,13848
SE,2805604,34746
SE,2805703,6157
SE,2805802,26832
SE,2805901,1809
SE,2806008,18767
SE,2806107,3206
SE,2806206,11350
SE,2806305,9886
SE,2806404,444
SE,2806503,6240
SE,2806602,5306
SE,2806701,10038
SE,2806800,5082
SE,2806909,7165
SE,2807006,7591
SE,2807105,22375
SE,2807204,8714
SE,2807303,3680
SE,2807402,38744
SE,2807501,14438
SE,2807600,4300
BA,2900108,4388
BA,2900207,6067
BA,2900306,11345
BA,2900355,15344
BA,2900405,7418
BA,2900504,7023
BA,2900603,8499
BA,2900702,8032
BA,2900801,26692
BA,2900900,8711
BA,2901007,21086
BA,2901106,5474
BA,2901155,9409
BA,2901205,19224
BA,2901304,14067
BA,2901353,15992
BA,2901403,58026
BA,2901502,5579
BA,2901601,17434
BA,2901700,10017
BA,2901809,5422
BA,2901908,25205
BA,2901957,2476
BA,2902005,28199
BA,2902054,5298
BA,2902104,18004
BA,2902203,5924
BA,2902252,708
BA,2902302,4303
BA,2902401,22701
BA,2902500,37097
BA,2902609,28818
BA,2902658,8507
BA,2902708,17448
BA,2902807,13798
BA,2902906,23349
BA,2903003,11049
BA,2903102,5625
BA,2903201,44407
BA,2903235,5517
BA,2903276,3832
BA,2903300,5331
BA,2903409,34213
BA,2903508,7925
BA,2903607,9446
BA,2903706,13698
BA,2903805,43753
BA,2903904,40363
BA,2903953,5699
BA,2904001,8386
BA,2904050,6502
BA,2904100,19314
BA,2904209,15910
BA,2904308,7202
BA,2904407,48737
BA,2904506,10058
BA,2904605,36557
BA,2904704,3382
BA,2904753,19490
BA,2904803,27800
BA,2904852,4982
BA,2904902,10692
BA,2905008,12776
BA,2905107,13658
BA,2905156,11025
BA,2905206,24875
BA,2905305,5627
BA,2905404,44
BA,2905503,10609
BA,2905602,10714
BA,2905701,4197
BA,2905800,1589
BA,2905909,16780
BA,2906006,30622
BA,2906105,15623
BA,2906204,7633
BA,2906303,41333
BA,2906402,756
BA,2906501,3950
BA,2906600,17402
BA,2906709,10483
BA,2906808,16680
BA,2906824,8340
BA,2906857,19856
BA,2906873,9271
BA,2906899,13737
BA,2906907,33775
BA,2907004,3440
BA,2907103,45658
BA,2907202,23022
BA,2907301,17516
BA,2907400,7988
BA,2907509,10163
BA,2907558,16931
BA,2907608,2684
BA,2907707,5450
BA,2907806,31501
BA,2907905,3968
BA,2908002,9375
BA,2908101,36295
BA,2908200,5240
BA,2908309,11744
BA,2908408,15844
BA,2908507,5082
BA,2908606,16941
BA,2908705,14527
BA,2908804,4795
BA,2908903,11468
BA,2909000,7532
BA,2909109,46192
BA,2909208,25329
BA,2909307,73317
BA,2909406,80411
BA,2909505,2677
BA,2909604,27441
BA,2909703,20776
BA,2909802,3934
BA,2909901,12695
BA,2910008,16138
BA,2910057,738
BA,2910107,10990
BA,2910206,7419
BA,2910305,8531
BA,2910404,23232
BA,2910503,16258
BA,2910602,20386
BA,2910701,36375
BA,2910727,40815
BA,2910750,13380
BA,2910776,23369
BA,2910800,27393
BA,2910859,14458
BA,2910909,16370
BA,2911006,19010
BA,2911105,43276
BA,2911204,2052
BA,2911253,9642
BA,2911303,5848
BA,2911402,3313
BA,2911501,22062
BA,2911600,2220
BA,2911659,14550
BA,2911709,41440
BA,2911808,109877
BA,2911857,17298
BA,2911907,33078
BA,2912004,11241
BA,2912103,12181
BA,2912202,4048
BA,2912301,64760
BA,2912400,12115
BA,2912509,18236
BA,2912608,11473
BA,2912707,2385
BA,2912806,36399
BA,2912905,6589
BA,2913002,19667
BA,2913101,8688
BA,2913200,15685
BA,2913309,3182
BA,2913408,15326
BA,2913457,299
BA,2913507,45857
BA,2913606,14911
BA,2913705,16938
BA,2913804,13407
BA,2913903,11389
BA,2914000,73587
BA,2914109,6603
BA,2914208,6988
BA,2914307,23237
BA,2914406,6782
BA,2914505,4883
BA,2914604,5026
BA,2914653,27730
BA,2914703,44214
BA,2914802,18736
BA,2914901,2995
BA,2915007,19054
BA,2915106,6020
BA,2915205,61103
BA,2915304,44978
BA,2915353,13380
BA,2915403,50581
BA,2915502,4806
BA,2915601,151977
BA,2915700,2749
BA,2915809,106373
BA,2915908,6171
BA,2916005,120487
BA,2916104,116
BA,2916203,32241
BA,2916302,46772
BA,2916401,84757
BA,2916500,25094
BA,2916609,24769
BA,2916708,4900
BA,2916807,126776
BA,2916856,5404
BA,2916906,7000
BA,2917003,31867
BA,2917102,18580
BA,2917201,10887
BA,2917300,80
BA,2917334,49921
BA,2917359,71037
BA,2917409,20006
BA,2917508,21958
BA,2917607,18146
BA,2917706,10359
BA,2917805,6659
BA,2917904,10241
BA,2918001,33024
BA,2918100,39242
BA,2918209,4196
BA,2918308,6310
BA,2918357,6715
BA,2918407,14113
BA,2918456,61194
BA,2918506,3792
BA,2918555,18847
BA,2918605,6792
BA,2918704,7756
BA,2918753,14379
BA,2918803,14957
BA,2918902,28927
BA,2919009,10259
BA,2919058,7125
BA,2919108,4446
BA,2919157,9146
BA,2919207,143
BA,2919306,1720
BA,2919405,10692
BA,2919504,27608
BA,2919553,33479
BA,2919603,10708
BA,2919702,58266
BA,2919801,36011
BA,2919900,3570
BA,2919959,7051
BA,2920007,40245
BA,2920106,25136
BA,2920205,44474
BA,2920304,11231
BA,2920403,24885
BA,2920452,15072
BA,2920502,31645
BA,2920601,9413
BA,2920700,2697
BA,2920809,26044
BA,2920908,25561
BA,2921005,8553
BA,2921054,13932
BA,2921104,103683
BA,2921203,24454
BA,2921302,2794
BA,2921401,13021
BA,2921450,16554
BA,2921500,29276
BA,2921609,16330
BA,2921708,25528
BA,2921807,10789
BA,2921906,9228
BA,2922003,28391
BA,2922052,4615
BA,2922102,53562
BA,2922201,7885
BA,2922250,70654
BA,2922300,1564
BA,2922409,7429
BA,2922508,6560
BA,2922607,535
BA,2922656,5807
BA,2922706,51772
BA,2922730,10614
BA,2922755,2047
BA,2922805,5165
BA,2922854,10394
BA,2922904,18463
BA,2923001,17944
BA,2923035,8011
BA,2923050,7642
BA,2923100,17092
BA,2923209,30435
BA,2923308,4225
BA,2923357,11962
BA,2923407,48033
BA,2923506,1946
BA,2923605,24280
BA,2923704,33905
BA,2923803,11673
BA,2923902,25663
BA,2924009,9789
BA,2924058,22375
BA,2924108,3341
BA,2924207,27931
BA,2924306,9703
BA,2924405,27667
BA,2924504,20221
BA,2924603,8733
BA,2924652,26537
BA,2924678,1892
BA,2924702,7868
BA,2924801,20804
BA,2924900,16477
BA,2925006,20242
BA,2925105,17457
BA,2925204,3634
BA,2925253,9938
BA,2925303,44656
BA,2925402,67059
BA,2925501,79480
BA,2925600,1864
BA,2925709,18913
BA,2925758,5088
BA,2925808,38217
BA,2925907,20502
BA,2925931,6067
BA,2925956,20013
BA,2926004,22460
BA,2926103,3899
BA,2926202,62278
BA,2926301,32389
BA,2926400,48524
BA,2926509,14184
BA,2926608,35913
BA,2926657,53831
BA,2926707,6416
BA,2926806,13372
BA,2926905,10264
BA,2927002,25412
BA,2927101,844
BA,2927200,35844
BA,2927309,160
BA,2927408,67
BA,2927507,5630
BA,2927606,16246
BA,2927705,17839
BA,2927804,24401
BA,2927903,1619
BA,2928000,21573
BA,2928059,9454
BA,2928109,40690
BA,2928208,40440
BA,2928307,5190
BA,2928406,83529
BA,2928505,6878
BA,2928604,12235
BA,2928703,10206
BA,2928802,8757
BA,2928901,62959
BA,2928950,6741
BA,2929008,4816
BA,2929057,35403
BA,2929107,11255
BA,2929206,5976
BA,2929255,4236
BA,2929305,10896
BA,2929354,2037
BA,2929370,11850
BA,2929404,8542
BA,2929503,22050
BA,2929602,5240
BA,2929701,12827
BA,2929750,154
BA,2929800,7894
BA,2929909,11125
BA,2930006,24109
BA,2930105,13529
BA,2930154,60635
BA,2930204,25853
BA,2930303,52407
BA,2930402,19260
BA,2930501,11655
BA,2930600,7577
BA,2930709,655
BA,2930758,35200
BA,2930766,21563
BA,2930774,2388
BA,2930808,3719
BA,2930907,25224
BA,2931004,23351
BA,2931053,11882
BA,2931103,7080
BA,2931202,592
BA,2931301,18921
BA,2931350,79358
BA,2931400,8390
BA,2931509,9684
BA,2931608,1849
BA,2931707,11401
BA,2931806,23124
BA,2931905,31176
BA,2932002,9004
BA,2932101,14706
BA,2932200,10137
BA,2932309,2831
BA,2932408,3649
BA,2932457,5275
BA,2932507,5190
BA,2932606,20566
BA,2932705,2903
BA,2932804,7748
BA,2932903,4386
BA,2933000,6383
BA,2933059,14107
BA,2933109,5507
BA,2933158,12580
BA,2933174,8314
BA,2933208,483
BA,2933257,51103
BA,2933307,74840
BA,2933406,4018
BA,2933455,58928
BA,2933505,4137
BA,2933604,22127
MG,3100104,46206
MG,3100203,96693
MG,3100302,22203
MG,3100401,4315
MG,3100500,36221
MG,3100609,55570
MG,3100708,6407
MG,3100807,14098
MG,3100906,40015
MG,3101003,8998
MG,3101102,66023
MG,3101201,27151
MG,3101300,7273
MG,3101409,2384
MG,3101508,30813
MG,3101607,28075
MG,3101631,4324
MG,3101706,54011
MG,3101805,11547
MG,3101904,26381
MG,3102001,20847
MG,3102050,1055
MG,3102100,18770
MG,3102209,13545
MG,3102308,18496
MG,3102407,14169
MG,3102506,6593
MG,3102605,15996
MG,3102704,13740
MG,3102803,27942
MG,3102852,2484
MG,3102902,17372
MG,3103009,12066
MG,3103108,5931
MG,3103207,5574
MG,3103306,5173
MG,3103405,28975
MG,3103504,142875
MG,3103603,2544
MG,3103702,5556
MG,3103751,5308
MG,3103801,16006
MG,3103900,21746
MG,3104007,50014
MG,3104106,12879
MG,3104205,27059
MG,3104304,16414
MG,3104403,9883
MG,3104452,7157
MG,3104502,94062
MG,3104601,10220
MG,3104700,102467
MG,3104809,31157
MG,3104908,31019
MG,3105004,15734
MG,3105103,78229
MG,3105202,16466
MG,3105301,2847
MG,3105400,3956
MG,3105509,16892
MG,3105608,24602
MG,3105707,14482
MG,3105905,2956
MG,3106002,2050
MG,3106101,18134
MG,3106200,545
MG,3106309,7501
MG,3106408,12631
MG,3106507,7237
MG,3106606,30307
MG,3106655,10966
MG,3106705,6823
MG,3106804,12937
MG,3106903,8700
MG,3107000,22666
MG,3107109,26535
MG,3107208,12887
MG,3107307,61478
MG,3107406,74286
MG,3107505,6808
MG,3107604,8549
MG,3107703,8216
MG,3107802,23562
MG,3107901,12101
MG,3108008,34545
MG,3108107,10633
MG,3108206,34357
MG,3108255,11042
MG,3108305,23527
MG,3108404,16293
MG,3108503,8988
MG,3108552,57548
MG,3108602,24933
MG,3108701,4399
MG,3108800,14406
MG,3108909,24474
MG,3109006,14687
MG,3109105,26165
MG,3109204,19164
MG,3109253,4710
MG,3109303,81559
MG,3109402,61466
MG,3109451,36000
MG,3109501,18024
MG,3109600,2321
MG,3109709,22472
MG,3109808,10076
MG,3109907,4699
MG,3110004,8574
MG,3110103,4313
MG,3110202,2457
MG,3110301,40654
MG,3110400,8215
MG,3110509,17009
MG,3110608,17433
MG,3110707,10215
MG,3110806,15651
MG,3110905,10392
MG,3111002,24167
MG,3111101,319403
MG,3111150,8534
MG,3111200,39429
MG,3111309,6289
MG,3111408,47582
MG,3111507,18984
MG,3111606,27185
MG,3111705,6241
MG,3111804,41084
MG,3111903,16594
MG,3112000,38859
MG,3112059,7545
MG,3112109,2312
MG,3112208,3765
MG,3112307,16102
MG,3112406,13878
MG,3112505,4443
MG,3112604,29585
MG,3112653,14181
MG,3112703,25101
MG,3112802,19368
MG,3112901,5904
MG,3113008,19249
MG,3113107,6090
MG,3113206,13406
MG,3113305,18942
MG,3113404,36725
MG,3113503,4244
MG,3113602,15100
MG,3113701,190183
MG,3113800,4654
MG,3113909,11529
MG,3114006,24415
MG,3114105,18835
MG,3114204,30695
MG,3114303,115445
MG,3114402,43865
MG,3114501,28158
MG,3114550,177003
MG,3114600,20788
MG,3114709,4028
MG,3114808,15089
MG,3114907,8908
MG,3115003,25823
MG,3115102,43763
MG,3115201,13215
MG,3115300,24328
MG,3115359,1791
MG,3115409,2587
MG,3115458,8593
MG,3115474,7970
MG,3115508,4706
MG,3115607,10038
MG,3115706,9854
MG,3115805,14831
MG,3115904,7684
MG,3116001,13033
MG,3116100,7142
MG,3116159,19738
MG,3116209,13387
MG,3116308,5533
MG,3116407,10317
MG,3116506,19951
MG,3116605,43663
MG,3116704,5027
MG,3116803,16845
MG,3116902,65873
MG,3117009,10520
MG,3117108,19126
MG,3117207,5096
MG,3117306,31473
MG,3117405,14975
MG,3117504,31158
MG,3117603,16183
MG,3117702,14708
MG,3117801,11491
MG,3117836,7493
MG,3117876,8
MG,3117900,14870
MG,3118007,3517
MG,3118106,5478
MG,3118205,19420
MG,3118304,12991
MG,3118403,56296
MG,3118502,8959
MG,3118601,1410
MG,3118700,12716
MG,3118809,45934
MG,3118908,27471
MG,3119005,9129
MG,3119104,48099
MG,3119203,19542
MG,3119302,107849
MG,3119401,1177
MG,3119500,14595
MG,3119609,11109
MG,3119708,6437
MG,3119807,34583
MG,3119906,5760
MG,3119955,4151
MG,3120003,7719
MG,3120102,1965
MG,3120151,48822
MG,3120201,29242
MG,3120300,4791
MG,3120409,7517
MG,3120508,21587
MG,3120607,10188
MG,3120706,20218
MG,3120805,20285
MG,3120839,13053
MG,3120870,7099
MG,3120904,77196
MG,3121001,2661
MG,3121100,12864
MG,3121209,31967
MG,3121258,3637
MG,3121308,10632
MG,3121407,14459
MG,3121506,8007
MG,3121605,10080
MG,3121704,4337
MG,3121803,11932
MG,3121902,4509
MG,3122009,15902
MG,3122108,15574
MG,3122207,4320
MG,3122306,51543
MG,3122355,556
MG,3122405,16670
MG,3122454,18022
MG,3122470,27263
MG,3122504,3855
MG,3122603,13143
MG,3122702,10135
MG,3122801,5093
MG,3122900,4463
MG,3123007,2392
MG,3123106,16598
MG,3123205,71102
MG,3123304,10042
MG,3123403,8052
MG,3123502,17949
MG,3123528,5558
MG,3123601,31501
MG,3123700,11058
MG,3123809,19749
MG,3123858,3680
MG,3123908,21009
MG,3124005,9582
MG,3124104,37621
MG,3124203,8027
MG,3124302,25072
MG,3124401,16057
MG,3124500,18202
MG,3124609,9933
MG,3124708,44279
MG,3124807,52029
MG,3124906,19848
MG,3125002,2658
MG,3125101,10243
MG,3125200,3450
MG,3125309,9708
MG,3125408,4541
MG,3125507,2162
MG,3125606,17692
MG,3125705,44492
MG,3125804,9267
MG,3125903,34057
MG,3125952,13383
MG,3126000,10771
MG,3126109,60367
MG,3126208,26811
MG,3126307,12475
MG,3126406,10860
MG,3126505,8815
MG,3126604,16565
MG,3126703,65334
MG,3126752,31466
MG,3126802,25532
MG,3126901,29542
MG,3126950,6984
MG,3127008,7831
MG,3127057,16756
MG,3127073,2876
MG,3127107,121506
MG,3127206,8541
MG,3127305,35060
MG,3127339,20765
MG,3127354,6815
MG,3127370,5465
MG,3127388,8455
MG,3127404,8827
MG,3127503,9789
MG,3127602,8873
MG,3127701,114801
MG,3127800,14564
MG,3127909,9170
MG,3128006,42170
MG,3128105,39759
MG,3128204,10492
MG,3128253,5910
MG,3128303,15761
MG,3128402,18490
MG,3128501,5720
MG,3128600,63122
MG,3128709,7979
MG,3128808,9059
MG,3128907,25599
MG,3129004,22548
MG,3129103,145749
MG,3129202,9734
MG,3129301,18915
MG,3129400,15587
MG,3129509,86987
MG,3129608,16490
MG,3129657,4244
MG,3129707,18762
MG,3129806,711
MG,3129905,3272
MG,3130002,10133
MG,3130051,28548
MG,3130101,3055
MG,3130200,21524
MG,3130309,33660
MG,3130408,5200
MG,3130507,16892
MG,3130556,5915
MG,3130606,10128
MG,3130655,7515
MG,3130705,13643
MG,3130804,16331
MG,3130903,42682
MG,3131000,20574
MG,3131109,17684
MG,3131158,2245
MG,3131208,28335
MG,3131307,2050
MG,3131406,28188
MG,3131505,15596
MG,3131604,21902
MG,3131703,33307
MG,3131802,12772
MG,3131901,4241
MG,3132008,9259
MG,3132107,21966
MG,3132206,22837
MG,3132305,12717
MG,3132404,16171
MG,3132503,34420
MG,3132602,9823
MG,3132701,70876
MG,3132800,9259
MG,3132909,3243
MG,3133006,13951
MG,3133105,10165
MG,3133204,28509
MG,3133303,8677
MG,3133402,137268
MG,3133501,51617
MG,3133600,10049
MG,3133709,5994
MG,3133758,6275
MG,3133808,29032
MG,3133907,6521
MG,3134004,23435
MG,3134103,14620
MG,3134202,177976
MG,3134301,12521
MG,3134400,75261
MG,3134509,15474
MG,3134608,14427
MG,3134707,36181
MG,3134806,19834
MG,3134905,19551
MG,3135001,4195
MG,3135050,46551
MG,3135076,24375
MG,3135100,57721
MG,3135209,67083
MG,3135308,8094
MG,3135357,6673
MG,3135407,6905
MG,3135456,4359
MG,3135506,23868
MG,3135605,16132
MG,3135704,11891
MG,3135803,53863
MG,3135902,12203
MG,3136009,52978
MG,3136108,10766
MG,3136207,1597
MG,3136306,205995
MG,3136405,11991
MG,3136504,25587
MG,3136520,2849
MG,3136553,9017
MG,3136579,2153
MG,3136603,5257
MG,3136652,2075
MG,3136702,47982
MG,3136801,11215
MG,3136900,9761
MG,3136959,22629
MG,3137007,19122
MG,3137106,56467
MG,3137205,21801
MG,3137304,15772
MG,3137403,18371
MG,3137502,77091
MG,3137536,54414
MG,3137601,4753
MG,3137700,11973
MG,3137809,7393
MG,3137908,3811
MG,3138005,15334
MG,3138104,28955
MG,3138203,25800
MG,3138302,19360
MG,3138351,1525
MG,3138401,60258
MG,3138500,15767
MG,3138609,29369
MG,3138625,82949
MG,3138658,4219
MG,3138674,2419
MG,3138682,8107
MG,3138708,15336
MG,3138807,82541
MG,3138906,32970
MG,3139003,23533
MG,3139102,13869
MG,3139201,25645
MG,3139250,7891
MG,3139300,34488
MG,3139409,6067
MG,3139508,1907
MG,3139607,30812
MG,3139706,16889
MG,3139805,19254
MG,3139904,10790
MG,3140001,12965
MG,3140100,9628
MG,3140159,189
MG,3140209,5360
MG,3140308,9537
MG,3140407,3775
MG,3140506,52902
MG,3140530,1756
MG,3140555,10338
MG,3140605,14591
MG,3140704,12137
MG,3140803,5802
MG,3140852,32072
MG,3140902,10370
MG,3141009,13920
MG,3141108,11685
MG,3141207,23413
MG,3141306,41124
MG,3141405,27906
MG,3141504,18638
MG,3141603,16322
MG,3141702,12659
MG,3141801,9381
MG,3141900,5886
MG,3142007,11124
MG,3142106,26676
MG,3142205,22678
MG,3142254,7691
MG,3142304,3926
MG,3142403,17241
MG,3142502,13438
MG,3142601,12078
MG,3142700,27595
MG,3142809,139483
MG,3142908,24775
MG,3143005,20575
MG,3143104,48170
MG,3143153,6866
MG,3143203,19280
MG,3143302,80178
MG,3143401,24479
MG,3143450,6486
MG,3143500,40924
MG,3143609,21678
MG,3143708,8476
MG,3143807,8332
MG,3143906,55872
MG,3144003,68500
MG,3144102,12568
MG,3144201,9731
MG,3144300,97185
MG,3144359,6655
MG,3144375,16693
MG,3144409,13418
MG,3144508,18050
MG,3144607,21384
MG,3144656,7216
MG,3144672,5033
MG,3144706,9231
MG,3144805,1178
MG,3144904,24990
MG,3145000,30584
MG,3145059,2032
MG,3145109,9882
MG,3145208,13815
MG,3145307,22463
MG,3145356,26666
MG,3145372,1775
MG,3145406,7838
MG,3145455,11437
MG,3145505,2722
MG,3145604,37948
MG,3145703,5564
MG,3145802,11749
MG,3145851,3694
MG,3145877,2708
MG,3145901,3498
MG,3146008,29677
MG,3146107,7999
MG,3146206,7740
MG,3146255,1518
MG,3146305,6415
MG,3146404,35215
MG,3146503,31234
MG,3146552,20339
MG,3146602,4147
MG,3146701,23028
MG,3146750,21325
MG,3146909,23913
MG,3147006,204361
MG,3147105,36458
MG,3147204,16978
MG,3147303,29223
MG,3147402,29085
MG,3147501,4029
MG,3147600,13558
MG,3147709,20127
MG,3147808,9287
MG,3147907,107279
MG,3147956,8493
MG,3148004,201831
MG,3148103,102269
MG,3148202,9136
MG,3148301,9026
MG,3148400,9358
MG,3148509,33677
MG,3148608,30710
MG,3148707,31860
MG,3148756,2819
MG,3148806,9590
MG,3148905,22755
MG,3149002,2262
MG,3149101,12590
MG,3149150,42980
MG,3149200,14089
MG,3149309,11941
MG,3149408,4720
MG,3149507,6583
MG,3149606,15693
MG,3149705,14056
MG,3149804,79892
MG,3149903,17819
MG,3149952,7942
MG,3150000,16553
MG,3150109,8527
MG,3150158,2129
MG,3150208,7387
MG,3150307,10087
MG,3150406,11153
MG,3150505,22292
MG,3150539,1750
MG,3150570,21393
MG,3150604,18438
MG,3150703,3694
MG,3150802,17631
MG,3150901,9059
MG,3151008,12059
MG,3151107,12426
MG,3151206,5932
MG,3151305,5993
MG,3151404,28400
MG,3151503,43330
MG,3151602,7168
MG,3151701,27968
MG,3151800,14716
MG,3151909,33429
MG,3152006,97958
MG,3152105,20585
MG,3152131,15030
MG,3152170,11894
MG,3152204,44044
MG,3152303,8711
MG,3152402,20166
MG,3152501,31867
MG,3152600,19636
MG,3152709,9589
MG,3152808,288989
MG,3152907,16940
MG,3153004,21096
MG,3153103,7783
MG,3153202,18182
MG,3153301,1442
MG,3153400,110786
MG,3153509,2137
MG,3153608,6612
MG,3153707,28844
MG,3153806,8488
MG,3153905,106
MG,3154002,45678
MG,3154101,13341
MG,3154150,2686
MG,3154200,21516
MG,3154309,42053
MG,3154408,6889
MG,3154457,54746
MG,3154507,10505
MG,3154606,2264
MG,3154705,2945
MG,3154804,896
MG,3154903,26980
MG,3155009,6953
MG,3155108,13503
MG,3155207,10101
MG,3155306,9414
MG,3155405,13662
MG,3155504,58345
MG,3155603,12606
MG,3155702,10934
MG,3155801,14017
MG,3155900,11281
MG,3156007,33747
MG,3156106,12544
MG,3156205,4167
MG,3156304,4059
MG,3156403,6561
MG,3156452,4351
MG,3156502,13757
MG,3156601,34340
MG,3156700,2061
MG,3156809,34693
MG,3156908,113118
MG,3157005,32927
MG,3157104,55612
MG,3157203,4203
MG,3157252,1625
MG,3157278,13848
MG,3157302,12768
MG,3157336,1
MG,3157377,8631
MG,3157401,15256
MG,3157500,5933
MG,3157609,31227
MG,3157658,16159
MG,3157708,23773
MG,3157807,4457
MG,3157906,5048
MG,3158003,17259
MG,3158102,11425
MG,3158201,28431
MG,3158300,4365
MG,3158409,11205
MG,3158508,24954
MG,3158607,5588
MG,3158706,5349
MG,3158805,8661
MG,3158904,12136
MG,3158953,5215
MG,3159001,4159
MG,3159100,6259
MG,3159209,36398
MG,3159308,22762
MG,3159357,1819
MG,3159407,13231
MG,3159506,13391
MG,3159605,24057
MG,3159704,10741
MG,3159803,210939
MG,3159902,13292
MG,3160009,13088
MG,3160108,8041
MG,3160207,7588
MG,3160306,25884
MG,3160405,83230
MG,3160454,3474
MG,3160504,5093
MG,3160603,21202
MG,3160702,22920
MG,3160801,1596
MG,3160900,3303
MG,3160959,409
MG,3161007,26175
MG,3161056,9905
MG,3161106,79529
MG,3161205,14020
MG,3161304,68171
MG,3161403,10068
MG,3161502,8865
MG,3161601,11712
MG,3161650,13831
MG,3161700,35109
MG,3161809,17391
MG,3161908,11749
MG,3162005,27782
MG,3162104,50130
MG,3162203,26865
MG,3162252,17022
MG,3162302,7139
MG,3162401,64992
MG,3162450,10460
MG,3162500,34403
MG,3162559,1899
MG,3162575,7123
MG,3162609,11483
MG,3162658,14092
MG,3162708,12076
MG,3162807,21921
MG,3162906,26406
MG,3162922,1095
MG,3162948,11272
MG,3162955,1019
MG,3163003,8354
MG,3163102,17478
MG,3163201,6679
MG,3163300,19623
MG,3163409,13520
MG,3163508,16643
MG,3163607,2855
MG,3163706,2964
MG,3163805,6987
MG,3163904,13663
MG,3164001,20512
MG,3164100,13416
MG,3164209,27035
MG,3164308,60341
MG,3164407,12047
MG,3164431,5536
MG,3164472,1696
MG,3164506,20687
MG,3164605,27510
MG,3164704,33626
MG,3164803,5617
MG,3164902,6435
MG,3165008,29244
MG,3165107,8726
MG,3165206,12246
MG,3165305,13942
MG,3165404,6215
MG,3165503,4591
MG,3165537,791
MG,3165552,6081
MG,3165560,11837
MG,3165578,4150
MG,3165602,5112
MG,3165701,4986
MG,3165800,6283
MG,3165909,8336
MG,3166006,5358
MG,3166105,14491
MG,3166204,14059
MG,3166303,4474
MG,3166402,5873
MG,3166501,8836
MG,3166600,20820
MG,3166709,11484
MG,3166808,52005
MG,3166907,10407
MG,3166956,10081
MG,3167004,9605
MG,3167103,29292
MG,3167202,18256
MG,3167301,9211
MG,3167400,27264
MG,3167509,5933
MG,3167608,9323
MG,3167707,17476
MG,3167806,14112
MG,3167905,9394
MG,3168002,11884
MG,3168051,11687
MG,3168101,38586
MG,3168200,17893
MG,3168309,8226
MG,3168408,39058
MG,3168507,7334
MG,3168606,117815
MG,3168705,1177
MG,3168804,2560
MG,3168903,71712
MG,3169000,10717
MG,3169059,9092
MG,3169109,6690
MG,3169208,19410
MG,3169307,38667
MG,3169356,27616
MG,3169406,15691
MG,3169505,24704
MG,3169604,97379
MG,3169703,3804
MG,3169802,14364
MG,3169901,15964
MG,3170008,20912
MG,3170057,5405
MG,3170107,172003
MG,3170206,174900
MG,3170305,20195
MG,3170404,223544
MG,3170438,95284
MG,3170479,17491
MG,3170503,4917
MG,3170529,40784
MG,3170578,6188
MG,3170602,13278
MG,3170651,2806
MG,3170701,15425
MG,3170750,26858
MG,3170800,58934
MG,3170909,14554
MG,3171006,932
MG,3171030,39732
MG,3171071,3484
MG,3171105,45869
MG,3171154,4284
MG,3171204,848
MG,3171303,10202
MG,3171402,9475
MG,3171501,11910
MG,3171600,11217
MG,3171709,22923
MG,3171808,16154
MG,3171907,16179
MG,3172004,13574
MG,3172103,14082
MG,3172202,5972
ES,3200102,25563
ES,3200136,14435
ES,3200169,21359
ES,3200201,60791
ES,3200300,12823
ES,3200359,8834
ES,3200409,21805
ES,3200508,12880
ES,3200607,29864
ES,3200706,15954
ES,3200805,31954
ES,3200904,50668
ES,3201001,13495
ES,3201100,6347
ES,3201159,1307
ES,3201209,48679
ES,3201308,5526
ES,3201407,29949
ES,3201506,39733
ES,3201605,10268
ES,3201704,8899
ES,3201803,6953
ES,3201902,12380
ES,3202009,5992
ES,3202108,160649
ES,3202207,9331
ES,3202256,5206
ES,3202306,25480
ES,3202405,11381
ES,3202454,3356
ES,3202504,4486
ES,3202553,9886
ES,3202603,11705
ES,3202652,2426
ES,3202702,11667
ES,3202801,33472
ES,3202900,5302
ES,3203007,8787
ES,3203056,12934
ES,3203106,14582
ES,3203130,10353
ES,3203163,14902
ES,3203205,119351
ES,3203304,12091
ES,3203320,1402
ES,3203346,820
ES,3203353,4165
ES,3203403,55743
ES,3203502,74692
ES,3203601,57497
ES,3203700,28902
ES,3203809,21505
ES,3203908,43989
ES,3204005,22287
ES,3204054,17340
ES,3204104,54039
ES,3204203,5389
ES,3204252,23239
ES,3204302,35596
ES,3204351,5630
ES,3204401,13461
ES,3204500,13057
ES,3204559,6104
ES,3204609,6832
ES,3204658,6736
ES,3204708,10899
ES,3204807,23567
ES,3204906,50893
ES,3204955,7855
ES,3205002,15546
ES,3205010,5314
ES,3205036,7645
ES,3205069,2361
ES,3205101,15613
ES,3205150,15279
ES,3205176,3596
ES,3205200,9374
ES,3205309,202
RJ,3300100,4716
RJ,3300159,7542
RJ,3300209,33168
RJ,3300225,2898
RJ,3300233,235
RJ,3300258,4
RJ,3300308,33571
RJ,3300407,32578
RJ,3300456,216
RJ,3300506,12378
RJ,3300605,53145
RJ,3300704,16629
RJ,3300803,29478
RJ,3300902,48745
RJ,3300936,15793
RJ,3300951,4694
RJ,3301009,212605
RJ,3301108,56185
RJ,3301157,37389
RJ,3301207,24835
RJ,3301306,21391
RJ,3301405,22239
RJ,3301504,8991
RJ,3301603,17992
RJ,3301702,4436
RJ,3301801,713
RJ,3301850,22478
RJ,3301876,1376
RJ,3301900,15124
RJ,3302007,7899
RJ,3302056,20175
RJ,3302106,39177
RJ,3302205,102824
RJ,3302254,3553
RJ,3302270,1776
RJ,3302304,16980
RJ,3302403,74443
RJ,3302452,5710
RJ,3302502,7485
RJ,3302601,4931
RJ,3302700,5583
RJ,3302809,939
RJ,3302858,0
RJ,3302908,9364
RJ,3303005,25192
RJ,3303104,35745
RJ,3303302,76
RJ,3303401,4821
RJ,3303500,4284
RJ,3303609,4217
RJ,3303708,22353
RJ,3303807,4136
RJ,3303856,17506
RJ,3303906,5538
RJ,3303955,4462
RJ,3304003,21268
RJ,3304102,22595
RJ,3304110,4817
RJ,3304128,23024
RJ,3304144,993
RJ,3304151,19214
RJ,3304201,43056
RJ,3304300,22750
RJ,3304409,38182
RJ,3304508,23539
RJ,3304524,11903
RJ,3304557,4080
RJ,3304607,44829
RJ,3304706,46331
RJ,3304755,50549
RJ,3304805,67676
RJ,3304904,2823
RJ,3305000,8868
RJ,3305109,0
RJ,3305133,26661
RJ,3305158,2397
RJ,3305208,13010
RJ,3305307,32309
RJ,3305406,27460
RJ,3305505,7438
RJ,3305554,9445
RJ,3305604,53675
RJ,3305703,18379
RJ,3305752,6746
RJ,3305802,5473
RJ,3305901,24247
RJ,3306008,13298
RJ,3306107,69476
RJ,3306156,9591
RJ,3306206,30872
RJ,3306305,4599
SP,3500105,30562
SP,3500204,5677
SP,3500303,3581
SP,3500402,5563
SP,3500501,2374
SP,3500550,9935
SP,3500709,30484
SP,3500758,7423
SP,3500808,12280
SP,3500907,22411
SP,3501004,9348
SP,3501103,17739
SP,3501152,298
SP,3501202,26690
SP,3501301,34644
SP,3501400,13452
SP,3501509,4804
SP,3501608,398
SP,3501707,23
SP,3501806,14660
SP,3501905,15422
SP,3502002,7628
SP,3502101,42260
SP,3502200,34218
SP,3502309,22801
SP,3502408,22480
SP,3502507,75
SP,3502606,18271
SP,3502705,3977
SP,3502754,336
SP,3502804,59151
SP,3502903,9219
SP,3503000,1953
SP,3503109,9224
SP,3503158,4617
SP,3503208,6609
SP,3503307,6092
SP,3503356,19090
SP,3503406,32510
SP,3503505,9466
SP,3503604,381
SP,3503703,422
SP,3503802,4523
SP,3503901,242
SP,3503950,9202
SP,3504008,14603
SP,3504107,5349
SP,3504206,37657
SP,3504305,29338
SP,3504404,6692
SP,3504503,41417
SP,3504602,6054
SP,3504701,3220
SP,3504800,5334
SP,3504909,16084
SP,3505005,8322
SP,3505104,6495
SP,3505203,19127
SP,3505302,268
SP,3505351,2308
SP,3505401,8553
SP,3505500,49048
SP,3505609,19
SP,3505807,16664
SP,3505906,8866
SP,3506003,31063
SP,3506102,6191
SP,3506201,48
SP,3506300,9264
SP,3506359,0
SP,3506409,11811
SP,3506508,35451
SP,3506607,116
SP,3506706,3871
SP,3506805,9800
SP,3506904,23666
SP,3507001,5532
SP,3507100,1038
SP,3507159,1016
SP,3507209,8034
SP,3507308,1753
SP,3507407,13923
SP,3507456,2643
SP,3507506,22538
SP,3507605,18054
SP,3507704,6742
SP,3507753,4816
SP,3507803,8439
SP,3507902,24702
SP,3508009,16110
SP,3508108,30139
SP,3508207,12663
SP,3508306,7858
SP,3508405,5994
SP,3508504,11229
SP,3508603,16345
SP,3508702,22519
SP,3508801,36801
SP,3508900,13073
SP,3509007,0
SP,3509106,57046
SP,3509205,39
SP,3509254,5499
SP,3509304,3260
SP,3509403,18809
SP,3509452,106
SP,3509502,20475
SP,3509601,82
SP,3509700,349
SP,3509809,15148
SP,3509908,621
SP,3509957,2138
SP,3510005,2652
SP,3510104,446
SP,3510153,239
SP,3510203,21636
SP,3510302,6679
SP,3510401,3246
SP,3510500,11058
SP,3510708,28137
SP,3510807,7826
SP,3510906,8613
SP,3511003,54493
SP,3511102,1379
SP,3511201,448
SP,3511300,11292
SP,3511409,20432
SP,3511508,5492
SP,3511607,4121
SP,3511706,3276
SP,3511904,7465
SP,3512001,6621
SP,3512100,9566
SP,3512209,1216
SP,3512308,34110
SP,3512407,603
SP,3512506,11093
SP,3512605,12165
SP,3512704,14671
SP,3512803,2055
SP,3512902,18561
SP,3513009,326
SP,3513108,2658
SP,3513207,15134
SP,3513306,60
SP,3513405,9987
SP,3513504,3
SP,3513603,75347
SP,3513702,20617
SP,3513801,32
SP,3513850,6440
SP,3513900,15665
SP,3514007,651
SP,3514106,10465
SP,3514205,3581
SP,3514304,6633
SP,3514403,31771
SP,3514502,14242
SP,3514601,43
SP,3514700,29806
SP,3514809,8744
SP,3514908,3620
SP,3514924,977
SP,3514957,743
SP,3515004,53
SP,3515103,303
SP,3515129,20745
SP,3515152,3971
SP,3515186,13910
SP,3515194,9959
SP,3515202,33383
SP,3515301,11484
SP,3515350,65849
SP,3515400,27061
SP,3515509,34829
SP,3515608,2164
SP,3515657,5518
SP,3515707,37
SP,3515806,16129
SP,3515905,14662
SP,3516002,38857
SP,3516101,259
SP,3516200,17854
SP,3516309,96
SP,3516408,225
SP,3516507,9989
SP,3516606,17781
SP,3516705,33839
SP,3516804,13484
SP,3516853,921
SP,3516903,35803
SP,3517000,32390
SP,3517109,8654
SP,3517208,9995
SP,3517307,13499
SP,3517406,13049
SP,3517505,11257
SP,3517604,5302
SP,3517703,5006
SP,3517802,33578
SP,3517901,14383
SP,3518008,6216
SP,3518107,33322
SP,3518206,44198
SP,3518305,4654
SP,3518404,28491
SP,3518503,34876
SP,3518602,658
SP,3518701,9
SP,3518800,44
SP,3518859,2094
SP,3518909,22618
SP,3519006,25301
SP,3519055,1183
SP,3519071,17
SP,3519105,14484
SP,3519204,20002
SP,3519253,8044
SP,3519303,3163
SP,3519402,9738
SP,3519501,105
SP,3519600,11579
SP,3519709,828
SP,3519808,7101
SP,3519907,15628
SP,3520004,120
SP,3520103,8913
SP,3520202,5905
SP,3520301,3702
SP,3520400,0
SP,3520426,3
SP,3520442,21038
SP,3520509,7703
SP,3520608,15154
SP,3520707,21330
SP,3520806,10828
SP,3520905,3387
SP,3521002,2226
SP,3521101,7652
SP,3521150,6114
SP,3521200,2070
SP,3521309,99
SP,3521408,71
SP,3521507,7002
SP,3521606,20032
SP,3521705,27609
SP,3521804,25856
SP,3521903,9372
SP,3522000,9780
SP,3522109,96
SP,3522158,6312
SP,3522208,110
SP,3522307,42244
SP,3522406,30861
SP,3522505,0
SP,3522604,26600
SP,3522653,4006
SP,3522703,16318
SP,3522802,30176
SP,3522901,1075
SP,3523008,10304
SP,3523107,79
SP,3523206,24605
SP,3523305,57
SP,3523404,13492
SP,3523503,14245
SP,3523602,15507
SP,3523701,8791
SP,3523800,6549
SP,3523909,22244
SP,3524006,6058
SP,3524105,15201
SP,3524204,2025
SP,3524303,7390
SP,3524402,14694
SP,3524501,5179
SP,3524600,5770
SP,3524709,2336
SP,3524808,33900
SP,3524907,7933
SP,3525102,3076
SP,3525201,2101
SP,3525300,6867
SP,3525409,1309
SP,3525508,8966
SP,3525607,23851
SP,3525706,38601
SP,3525805,11831
SP,3525854,5212
SP,3525904,2808
SP,3526001,29797
SP,3526100,5487
SP,3526209,93
SP,3526308,11395
SP,3526407,20753
SP,3526506,35729
SP,3526605,4120
SP,3526704,1697
SP,3526803,3517
SP,3526902,6613
SP,3527009,1824
SP,3527108,12697
SP,3527207,20841
SP,3527256,7010
SP,3527306,203
SP,3527405,25517
SP,3527504,9285
SP,3527603,2674
SP,3527702,10449
SP,3527801,10774
SP,3527900,30818
SP,3528007,812
SP,3528106,18910
SP,3528205,21780
SP,3528304,13083
SP,3528403,1531
SP,3528502,44
SP,3528601,4610
SP,3528700,68343
SP,3528809,200
SP,3528858,1396
SP,3528908,25467
SP,3529005,97975
SP,3529104,9977
SP,3529203,62379
SP,3529302,2257
SP,3529401,0
SP,3529500,8576
SP,3529609,12685
SP,3529658,5987
SP,3529708,7765
SP,3529807,3362
SP,3529906,2975
SP,3530003,15461
SP,3530102,59558
SP,3530201,101009
SP,3530300,14457
SP,3530409,7425
SP,3530508,33979
SP,3530607,2632
SP,3530706,11219
SP,3530805,9244
SP,3530904,1448
SP,3531001,5863
SP,3531100,33
SP,3531209,1667
SP,3531308,10643
SP,3531407,33975
SP,3531506,3015
SP,3531605,12634
SP,3531704,7070
SP,3531803,6817
SP,3531902,10781
SP,3532009,3843
SP,3532058,1034
SP,3532108,21524
SP,3532157,8935
SP,3532207,8823
SP,3532306,18716
SP,3532405,2280
SP,3532504,10785
SP,3532603,29089
SP,3532702,6062
SP,3532801,8527
SP,3532827,2364
SP,3532843,15146
SP,3532868,9426
SP,3532900,524
SP,3533007,32334
SP,3533106,2469
SP,3533205,10365
SP,3533254,669
SP,3533304,6212
SP,3533403,535
SP,3533502,19280
SP,3533601,3877
SP,3533700,20543
SP,3533809,6795
SP,3533908,14671
SP,3534005,5367
SP,3534104,15229
SP,3534203,3261
SP,3534302,3742
SP,3534401,0
SP,3534500,21191
SP,3534609,22902
SP,3534708,3754
SP,3534757,15178
SP,3534807,15346
SP,3534906,31996
SP,3535002,31423
SP,3535101,95
SP,3535200,35291
SP,3535309,3492
SP,3535408,17419
SP,3535507,27097
SP,3535606,18347
SP,3535705,402
SP,3535804,30806
SP,3535903,7981
SP,3536000,26422
SP,3536109,14483
SP,3536208,3765
SP,3536257,8961
SP,3536307,16916
SP,3536406,14809
SP,3536505,278
SP,3536570,10058
SP,3536604,23474
SP,3536703,13477
SP,3536802,6510
SP,3536901,20183
SP,3537008,23997
SP,3537107,4386
SP,3537156,90
SP,3537206,831
SP,3537305,16859
SP,3537404,37635
SP,3537503,15268
SP,3537602,255
SP,3537701,18049
SP,3537800,6098
SP,3537909,7205
SP,3538006,35413
SP,3538105,1960
SP,3538204,7618
SP,3538303,50755
SP,3538501,5209
SP,3538600,9995
SP,3538709,44584
SP,3538808,20036
SP,3538907,46426
SP,3539004,2132
SP,3539103,104
SP,3539202,20192
SP,3539301,7249
SP,3539400,19192
SP,3539509,4434
SP,3539608,9029
SP,3539707,7736
SP,3539806,0
SP,3539905,7898
SP,3540002,61180
SP,3540101,9103
SP,3540200,149
SP,3540259,15286
SP,3540309,4348
SP,3540408,16050
SP,3540507,15251
SP,3540606,16861
SP,3540705,1945
SP,3540754,3978
SP,3540804,24112
SP,3540853,7425
SP,3540903,761
SP,3541059,3289
SP,3541109,26642
SP,3541208,90679
SP,3541307,73241
SP,3541406,31516
SP,3541505,66499
SP,3541604,43953
SP,3541653,6454
SP,3541703,28634
SP,3541802,8076
SP,3541901,4719
SP,3542008,23692
SP,3542107,2754
SP,3542206,100257
SP,3542305,11982
SP,3542404,21026
SP,3542503,18730
SP,3542602,6497
SP,3542701,4144
SP,3542800,4244
SP,3542909,10381
SP,3543006,8416
SP,3543105,2425
SP,3543204,3522
SP,3543238,16566
SP,3543253,4504
SP,3543303,9
SP,3543402,1961
SP,3543501,35209
SP,3543600,5312
SP,3543709,2238
SP,3543808,34078
SP,3543907,15227
SP,3544004,1427
SP,3544103,161
SP,3544202,21706
SP,3544251,49556
SP,3544301,4229
SP,3544400,14996
SP,3544509,18297
SP,3544608,11629
SP,3544707,11254
SP,3544806,11757
SP,3544905,9275
SP,3545001,3104
SP,3545100,12035
SP,3545159,5469
SP,3545209,2079
SP,3545308,4949
SP,3545407,5393
SP,3545506,17872
SP,3545605,2066
SP,3545704,23573
SP,3545803,1338
SP,3546009,8045
SP,3546108,18522
SP,3546207,6072
SP,3546256,1035
SP,3546306,1452
SP,3546405,34803
SP,3546504,245
SP,3546603,21636
SP,3546702,312
SP,3546801,5056
SP,3546900,466
SP,3547007,8863
SP,3547106,10178
SP,3547205,14277
SP,3547304,512
SP,3547403,19125
SP,3547502,20573
SP,3547601,4734
SP,3547650,8307
SP,3547700,68969
SP,3547809,0
SP,3547908,14970
SP,3548005,1796
SP,3548054,81399
SP,3548104,3875
SP,3548203,2384
SP,3548302,11144
SP,3548401,6313
SP,3548500,1
SP,3548609,10485
SP,3548708,0
SP,3548807,0
SP,3548906,22781
SP,3549003,8213
SP,3549102,25293
SP,3549201,5770
SP,3549250,11788
SP,3549300,4904
SP,3549409,4080
SP,3549508,3911
SP,3549607,12527
SP,3549706,32591
SP,3549805,16940
SP,3549904,32681
SP,3549953,185
SP,3550001,26148
SP,3550100,5091
SP,3550209,17024
SP,3550308,859
SP,3550407,25514
SP,3550506,33933
SP,3550605,372
SP,3550704,41
SP,3550803,11647
SP,3550902,8866
SP,3551009,0
SP,3551108,15143
SP,3551207,4526
SP,3551306,8365
SP,3551405,1219
SP,3551504,564
SP,3551603,6749
SP,3551702,2540
SP,3551801,5492
SP,3551900,1702
SP,3552007,15749
SP,3552106,34204
SP,3552205,3851
SP,3552304,32486
SP,3552403,1481
SP,3552502,322
SP,3552551,22379
SP,3552601,4990
SP,3552700,3315
SP,3552809,2
SP,3552908,23211
SP,3553005,11361
SP,3553104,2035
SP,3553203,716
SP,3553302,7516
SP,3553401,33952
SP,3553500,1019
SP,3553609,11642
SP,3553658,130
SP,3553708,5186
SP,3553807,13507
SP,3553856,3151
SP,3553906,14967
SP,3553955,487
SP,3554003,11488
SP,3554102,25075
SP,3554201,11319
SP,3554300,64060
SP,3554409,1489
SP,3554508,27340
SP,3554607,6785
SP,3554656,7932
SP,3554706,15158
SP,3554755,23
SP,3554805,5091
SP,3554904,16465
SP,3554953,11986
SP,3555000,61369
SP,3555109,13318
SP,3555208,7648
SP,3555307,9125
SP,3555356,3567
SP,3555406,76
SP,3555505,16502
SP,3555604,8750
SP,3555703,2821
SP,3555802,20899
SP,3555901,6789
SP,3556008,8552
SP,3556107,9083
SP,3556206,2394
SP,3556305,19026
SP,3556354,6298
SP,3556404,13072
SP,3556453,62
SP,3556503,0
SP,3556602,28986
SP,3556701,1463
SP,3556800,955
SP,3556909,726
SP,3556958,3799
SP,3557006,1467
SP,3557105,23111
SP,3557154,12039
SP,3557204,1234
SP,3557303,1871
PR,4100103,15184
PR,4100202,12819
PR,4100301,1648
PR,4100400,305
PR,4100459,53651
PR,4100509,61815
PR,4100608,41169
PR,4100707,10124
PR,4100806,7535
PR,4100905,36488
PR,4101002,35756
PR,4101051,4644
PR,4101101,1107
PR,4101150,7484
PR,4101200,322
PR,4101309,3109
PR,4101408,17914
PR,4101507,5485
PR,4101606,43943
PR,4101655,17625
PR,4101705,15025
PR,4101804,4057
PR,4101853,12330
PR,4101903,8718
PR,4102000,5727
PR,4102109,26242
PR,4102208,6595
PR,4102307,4256
PR,4102406,6492
PR,4102505,54054
PR,4102604,18421
PR,4102703,1663
PR,4102752,14647
PR,4102802,3011
PR,4102901,18705
PR,4103008,3179
PR,4103024,16926
PR,4103040,30632
PR,4103057,27791
PR,4103107,3285
PR,4103156,19881
PR,4103206,15866
PR,4103222,2638
PR,4103305,14499
PR,4103354,16884
PR,4103370,3874
PR,4103404,15974
PR,4103453,3883
PR,4103479,30812
PR,4103503,6195
PR,4103602,4264
PR,4103701,2125
PR,4103800,5323
PR,4103909,47773
PR,4103958,11737
PR,4104006,2433
PR,4104055,24455
PR,4104105,2547
PR,4104204,9825
PR,4104253,2086
PR,4104303,12393
PR,4104402,84972
PR,4104428,53155
PR,4104451,33833
PR,4104501,32257
PR,4104600,33445
PR,4104659,34130
PR,4104709,26824
PR,4104808,79292
PR,4104907,88030
PR,4105003,44092
PR,4105102,12123
PR,4105201,22726
PR,4105300,16541
PR,4105409,54837
PR,4105508,49359
PR,4105607,32873
PR,4105706,14838
PR,4105805,311
PR,4105904,23733
PR,4106001,24793
PR,4106100,18049
PR,4106209,3161
PR,4106308,11642
PR,4106407,25913
PR,4106456,41150
PR,4106506,39604
PR,4106555,12604
PR,4106571,17151
PR,4106605,57053
PR,4106704,12814
PR,4106803,14692
PR,4106852,14024
PR,4106902,356
PR,4107009,33182
PR,4107108,25609
PR,4107124,32917
PR,4107157,34067
PR,4107207,35603
PR,4107256,43282
PR,4107306,1150
PR,4107405,22737
PR,4107504,6554
PR,4107520,22224
PR,4107538,6093
PR,4107546,24395
PR,4107553,7372
PR,4107603,28721
PR,4107652,136
PR,4107702,4164
PR,4107736,5569
PR,4107751,6396
PR,4107801,3123
PR,4107850,15816
PR,4107900,287
PR,4108007,4225
PR,4108106,6634
PR,4108205,10545
PR,4108304,3047
PR,4108320,24156
PR,4108403,50594
PR,4108452,5570
PR,4108502,12271
PR,4108551,11899
PR,4108601,12905
PR,4108650,28542
PR,4108700,33194
PR,4108809,4866
PR,4108908,43726
PR,4108957,5682
PR,4109005,21850
PR,4109104,14068
PR,4109203,19248
PR,4109302,125368
PR,4109401,49262
PR,4109500,276
PR,4109609,1430
PR,4109658,27140
PR,4109708,59016
PR,4109757,11607
PR,4109807,4357
PR,4109906,60536
PR,4110003,6875
PR,4110052,7728
PR,4110078,3708
PR,4110102,6558
PR,4110201,8736
PR,4110300,7940
PR,4110409,9962
PR,4110508,9499
PR,4110607,46261
PR,4110656,1177
PR,4110706,13337
PR,4110805,44080
PR,4110904,11810
PR,4110953,5189
PR,4111001,1520
PR,4111100,3026
PR,4111209,10613
PR,4111258,4060
PR,4111308,14008
PR,4111407,12186
PR,4111506,20476
PR,4111555,19577
PR,4111605,273
PR,4111704,10834
PR,4111803,33841
PR,4111902,26721
PR,4112009,24224
PR,4112108,6144
PR,4112207,11801
PR,4112306,14429
PR,4112405,2986
PR,4112504,30124
PR,4112603,72
PR,4112702,6792
PR,4112751,7279
PR,4112801,35768
PR,4112900,34634
PR,4112959,2516
PR,4113007,2356
PR,4113106,7105
PR,4113205,26517
PR,4113254,66715
PR,4113304,47255
PR,4113403,16761
PR,4113429,8635
PR,4113452,33563
PR,4113502,86704
PR,4113601,9106
PR,4113700,41337
PR,4113734,32169
PR,4113759,11670
PR,4113809,7182
PR,4113908,6324
PR,4114005,9650
PR,4114104,7607
PR,4114203,20772
PR,4114302,1245
PR,4114351,25556
PR,4114401,39397
PR,4114500,33084
PR,4114609,45124
PR,4114708,51905
PR,4114807,7493
PR,4114906,8834
PR,4115002,25798
PR,4115101,14772
PR,4115200,4369
PR,4115309,7711
PR,4115358,7305
PR,4115408,22506
PR,4115457,55268
PR,4115507,11941
PR,4115606,30768
PR,4115705,0
PR,4115739,27285
PR,4115754,1664
PR,4115804,30600
PR,4115853,10622
PR,4115903,15275
PR,4116000,6668
PR,4116059,24640
PR,4116109,18368
PR,4116208,969
PR,4116307,9420
PR,4116406,11285
PR,4116505,9996
PR,4116604,3178
PR,4116703,7891
PR,4116802,656
PR,4116901,28981
PR,4116950,29179
PR,4117008,7593
PR,4117057,97863
PR,4117107,26689
PR,4117206,14490
PR,4117214,339
PR,4117222,10068
PR,4117255,33474
PR,4117271,52292
PR,4117297,12827
PR,4117305,151778
PR,4117404,569
PR,4117453,21786
PR,4117503,99
PR,4117602,26864
PR,4117701,28092
PR,4117800,105509
PR,4117909,10288
PR,4118006,5588
PR,4118105,7418
PR,4118204,463
PR,4118303,11594
PR,4118402,118248
PR,4118451,7179
PR,4118501,26079
PR,4118600,4743
PR,4118709,4885
PR,4118808,12754
PR,4118857,27143
PR,4118907,35986
PR,4119004,13155
PR,4119103,2366
PR,4119152,216
PR,4119202,7414
PR,4119251,14074
PR,4119301,51454
PR,4119400,24892
PR,4119509,1386
PR,4119608,83850
PR,4119657,1695
PR,4119707,36179
PR,4119806,32507
PR,4119905,22863
PR,4119954,68
PR,4120002,3492
PR,4120101,3513
PR,4120150,26475
PR,4120200,24751
PR,4120309,5866
PR,4120333,1474
PR,4120358,5912
PR,4120408,6820
PR,4120507,3212
PR,4120606,67395
PR,4120655,2619
PR,4120705,16714
PR,4120804,658
PR,4120853,9095
PR,4120903,50548
PR,4121000,72628
PR,4121109,5055
PR,4121208,3674
PR,4121257,27453
PR,4121307,412
PR,4121356,112
PR,4121406,26986
PR,4121505,4750
PR,4121604,12726
PR,4121703,58165
PR,4121752,18830
PR,4121802,50691
PR,4121901,18723
PR,4122008,6836
PR,4122107,11458
PR,4122156,50391
PR,4122172,16283
PR,4122206,12670
PR,4122305,3570
PR,4122404,4453
PR,4122503,32523
PR,4122602,29407
PR,4122651,43251
PR,4122701,7606
PR,4122800,23443
PR,4122909,16852
PR,4123006,30709
PR,4123105,1316
PR,4123204,3137
PR,4123303,35116
PR,4123402,19758
PR,4123501,33586
PR,4123600,6412
PR,4123709,37186
PR,4123808,25230
PR,4123824,11986
PR,4123857,48140
PR,4123907,2817
PR,4123956,21964
PR,4124004,14595
PR,4124020,9498
PR,4124053,5056
PR,4124103,69441
PR,4124202,25191
PR,4124301,3048
PR,4124400,22055
PR,4124509,16461
PR,4124608,6047
PR,4124707,33483
PR,4124806,23412
PR,4124905,36030
PR,4125001,11616
PR,4125100,3159
PR,4125209,37492
PR,4125308,981
PR,4125357,30931
PR,4125407,18494
PR,4125456,25231
PR,4125506,6732
PR,4125555,4293
PR,4125605,13307
PR,4125704,22958
PR,4125753,17507
PR,4125803,8679
PR,4125902,36925
PR,4126009,1609
PR,4126108,5442
PR,4126207,55926
PR,4126256,529
PR,4126272,15747
PR,4126306,18941
PR,4126355,6917
PR,4126405,1164
PR,4126504,9503
PR,4126603,25356
PR,4126652,17705
PR,4126678,11252
PR,4126702,13074
PR,4126801,40562
PR,4126900,55273
PR,4127007,13213
PR,4127106,592
PR,4127205,5312
PR,4127304,69208
PR,4127403,23116
PR,4127502,39181
PR,4127601,3517
PR,4127700,44677
PR,4127809,47795
PR,4127858,48386
PR,4127882,729
PR,4127908,39446
PR,4127957,3044
PR,4127965,30486
PR,4128005,11130
PR,4128104,134229
PR,4128203,5889
PR,4128302,6165
PR,4128401,6273
PR,4128500,18347
PR,4128534,10550
PR,4128559,20493
PR,4128609,18761
PR,4128625,124612
PR,4128633,10302
PR,4128658,10853
PR,4128708,10529
PR,4128807,45594
SC,4200051,13677
SC,4200101,32657
SC,4200200,7349
SC,4200309,4198
SC,4200408,56608
SC,4200507,15398
SC,4200556,10850
SC,4200606,4932
SC,4200705,22130
SC,4200754,9417
SC,4200804,35136
SC,4200903,10384
SC,4201000,34376
SC,4201109,7860
SC,4201208,2904
SC,4201257,4081
SC,4201273,12957
SC,4201307,8470
SC,4201406,11578
SC,4201505,15990
SC,4201604,5844
SC,4201653,8453
SC,4201703,942
SC,4201802,4553
SC,4201901,6149
SC,4201950,1167
SC,4202008,76
SC,4202057,606
SC,4202073,4426
SC,4202081,17018
SC,4202099,12743
SC,4202107,4503
SC,4202131,9192
SC,4202156,11415
SC,4202206,7282
SC,4202305,6658
SC,4202404,3847
SC,4202438,11404
SC,4202453,4
SC,4202503,28910
SC,4202537,3136
SC,4202578,6279
SC,4202602,19362
SC,4202701,1549
SC,4202800,31390
SC,4202859,5608
SC,4202875,11228
SC,4202909,716
SC,4203006,13256
SC,4203105,21349
SC,4203154,7725
SC,4203204,2172
SC,4203253,31609
SC,4203303,10093
SC,4203402,26124
SC,4203501,23518
SC,4203600,57462
SC,4203709,2984
SC,4203808,19396
SC,4203907,13601
SC,4203956,2951
SC,4204004,5434
SC,4204103,10057
SC,4204152,10548
SC,4204178,14584
SC,4204194,4700
SC,4204202,28574
SC,4204251,3050
SC,4204301,64438
SC,4204350,5581
SC,4204400,32231
SC,4204459,9712
SC,4204509,1506
SC,4204558,19168
SC,4204608,6362
SC,4204707,21222
SC,4204756,9773
SC,4204806,32565
SC,4204905,33053
SC,4205001,32033
SC,4205100,6562
SC,4205159,3204
SC,4205175,4273
SC,4205191,1846
SC,4205209,16342
SC,4205308,10508
SC,4205357,5441
SC,4205407,1509
SC,4205431,13651
SC,4205456,5973
SC,4205506,14265
SC,4205555,6741
SC,4205605,10343
SC,4205704,3122
SC,4205803,2617
SC,4205902,7709
SC,4206009,3551
SC,4206108,21987
SC,4206207,17342
SC,4206306,1426
SC,4206405,41111
SC,4206504,4586
SC,4206603,11010
SC,4206652,11484
SC,4206702,11645
SC,4206751,7489
SC,4206801,11034
SC,4206900,3312
SC,4207007,12696
SC,4207106,11578
SC,4207205,15481
SC,4207304,2581
SC,4207403,5693
SC,4207502,5239
SC,4207577,9650
SC,4207601,13886
SC,4207650,25254
SC,4207684,9747
SC,4207700,17200
SC,4207759,19261
SC,4207809,15371
SC,4207858,8681
SC,4207908,9933
SC,4208005,14666
SC,4208104,24927
SC,4208203,7117
SC,4208302,733
SC,4208401,36863
SC,4208450,587
SC,4208500,11458
SC,4208609,12181
SC,4208708,8259
SC,4208807,10101
SC,4208906,4482
SC,4208955,7220
SC,4209003,13600
SC,4209102,12129
SC,4209151,3119
SC,4209177,320
SC,4209201,7704
SC,4209300,78885
SC,4209409,15970
SC,4209458,5791
SC,4209508,3574
SC,4209607,9827
SC,4209706,20271
SC,4209805,6735
SC,4209854,16608
SC,4209904,5980
SC,4210001,3622
SC,4210035,8227
SC,4210050,5857
SC,4210100,23640
SC,4210209,3543
SC,4210308,14317
SC,4210407,5692
SC,4210506,12722
SC,4210555,17440
SC,4210605,4115
SC,4210704,4559
SC,4210803,4113
SC,4210852,7155
SC,4210902,9105
SC,4211009,22573
SC,4211058,4879
SC,4211108,9247
SC,4211207,4765
SC,4211256,2901
SC,4211306,3047
SC,4211405,7918
SC,4211454,12438
SC,4211504,1612
SC,4211603,7186
SC,4211652,11774
SC,4211702,27130
SC,4211751,15355
SC,4211801,23731
SC,4211850,5850
SC,4211876,5880
SC,4211892,29151
SC,4211900,1917
SC,4212007,22046
SC,4212056,9730
SC,4212106,47286
SC,4212205,19181
SC,4212239,21065
SC,4212254,2344
SC,4212270,19510
SC,4212304,5879
SC,4212403,5660
SC,4212502,3646
SC,4212601,8283
SC,4212650,5879
SC,4212700,13130
SC,4212809,3716
SC,4212908,15414
SC,4213005,3403
SC,4213104,12127
SC,4213153,6092
SC,4213203,6253
SC,4213302,16344
SC,4213351,4486
SC,4213401,11013
SC,4213500,3816
SC,4213609,17751
SC,4213708,21980
SC,4213807,2851
SC,4213906,6686
SC,4214003,16664
SC,4214102,6020
SC,4214151,11816
SC,4214201,29701
SC,4214300,6950
SC,4214409,16107
SC,4214508,16770
SC,4214607,16325
SC,4214706,8569
SC,4214805,7772
SC,4214904,22198
SC,4215000,10462
SC,4215059,6232
SC,4215075,21156
SC,4215109,2516
SC,4215208,31744
SC,4215307,11191
SC,4215356,18359
SC,4215406,7487
SC,4215455,4948
SC,4215505,15947
SC,4215554,10273
SC,4215604,7163
SC,4215653,5560
SC,4215679,14345
SC,4215687,15487
SC,4215695,9042
SC,4215703,5963
SC,4215752,15820
SC,4215802,5799
SC,4215901,12155
SC,4216008,30563
SC,4216057,4391
SC,4216107,16957
SC,4216206,891
SC,4216255,26034
SC,4216305,7154
SC,4216354,5100
SC,4216404,6933
SC,4216503,55025
SC,4216602,1625
SC,4216701,35380
SC,4216800,39621
SC,4216909,29721
SC,4217006,11499
SC,4217105,10750
SC,4217154,10726
SC,4217204,22906
SC,4217253,3052
SC,4217303,26711
SC,4217402,951
SC,4217501,26340
SC,4217550,8659
SC,4217600,6399
SC,4217709,5034
SC,4217758,13151
SC,4217808,33234
SC,4217907,13271
SC,4217956,6221
SC,4218004,10426
SC,4218103,4525
SC,4218202,3574
SC,4218251,10761
SC,4218301,2423
SC,4218350,2626
SC,4218400,7988
SC,4218509,19392
SC,4218608,5158
SC,4218707,19448
SC,4218756,20426
SC,4218806,5330
SC,4218855,13907
SC,4218905,23875
SC,4218954,10370
SC,4219002,8177
SC,4219101,8766
SC,4219150,13325
SC,4219176,8969
SC,4219200,6425
SC,4219309,24248
SC,4219358,6903
SC,4219408,8826
SC,4219507,19324
SC,4219606,26768
SC,4219705,23939
SC,4219853,9108
SC,4220000,1453
RS,4300034,93734
RS,4300059,8930
RS,4300109,15489
RS,4300208,13621
RS,4300307,29801
RS,4300406,576727
RS,4300455,7978
RS,4300471,5773
RS,4300505,25364
RS,4300554,3868
RS,4300570,1925
RS,4300604,24
RS,4300638,15850
RS,4300646,4921
RS,4300661,11936
RS,4300703,11869
RS,4300802,14228
RS,4300851,11261
RS,4300877,680
RS,4300901,27720
RS,4301008,12104
RS,4301057,2287
RS,4301073,2969
RS,4301107,12030
RS,4301206,11318
RS,4301305,93480
RS,4301404,5359
RS,4301503,22830
RS,4301552,3915
RS,4301602,243055
RS,4301636,2676
RS,4301651,5066
RS,4301701,13984
RS,4301750,6268
RS,4301800,23755
RS,4301859,3215
RS,4301875,54098
RS,4301909,19569
RS,4301925,14475
RS,4301958,2745
RS,4302006,18121
RS,4302055,4588
RS,4302105,1743
RS,4302154,2980
RS,4302204,11226
RS,4302220,12242
RS,4302238,7516
RS,4302253,5096
RS,4302303,94151
RS,4302352,4096
RS,4302378,2456
RS,4302402,7211
RS,4302451,7922
RS,4302501,106617
RS,4302584,5057
RS,4302600,2453
RS,4302659,3045
RS,4302709,19154
RS,4302808,178911
RS,4302907,138008
RS,4303004,137237
RS,4303103,6
RS,4303202,7665
RS,4303301,11621
RS,4303400,15369
RS,4303509,46971
RS,4303558,6805
RS,4303608,27057
RS,4303673,10132
RS,4303707,20743
RS,4303806,5776
RS,4303905,1147
RS,4304002,3294
RS,4304101,8344
RS,4304200,32042
RS,4304309,22336
RS,4304358,35451
RS,4304408,1114
RS,4304507,120293
RS,4304606,366
RS,4304614,4938
RS,4304622,14083
RS,4304630,2214
RS,4304655,37390
RS,4304663,192
RS,4304671,10406
RS,4304689,9166
RS,4304697,4051
RS,4304705,9184
RS,4304713,8849
RS,4304804,12071
RS,4304853,3763
RS,4304903,15652
RS,4304952,7342
RS,4305009,16790
RS,4305108,32183
RS,4305116,6385
RS,4305124,22960
RS,4305132,3305
RS,4305157,2834
RS,4305173,4160
RS,4305207,12752
RS,4305306,18794
RS,4305355,4758
RS,4305371,4416
RS,4305405,7870
RS,4305439,9291
RS,4305447,4708
RS,4305454,7753
RS,4305504,7307
RS,4305587,4390
RS,4305603,6370
RS,4305702,11549
RS,4305801,9368
RS,4305835,5368
RS,4305850,8356
RS,4305871,5680
RS,4305900,5232
RS,4305934,2423
RS,4305959,4611
RS,4305975,5725
RS,4306007,25439
RS,4306056,24933
RS,4306072,4445
RS,4306106,15001
RS,4306130,5294
RS,4306205,10463
RS,4306304,7048
RS,4306320,7523
RS,4306353,22983
RS,4306379,35950
RS,4306403,1289
RS,4306429,4153
RS,4306452,5792
RS,4306502,29782
RS,4306551,1299
RS,4306601,299153
RS,4306700,3691
RS,4306734,8261
RS,4306759,2663
RS,4306767,13563
RS,4306809,4791
RS,4306908,90256
RS,4306924,1624
RS,4306932,17354
RS,4306957,3877
RS,4306973,3504
RS,4307005,10899
RS,4307054,6654
RS,4307104,66358
RS,4307203,17221
RS,4307302,15110
RS,4307401,22163
RS,4307450,7400
RS,4307500,22918
RS,4307559,3293
RS,4307609,783
RS,4307708,0
RS,4307807,16093
RS,4307815,5945
RS,4307831,11974
RS,4307864,7288
RS,4307906,7314
RS,4308003,6519
RS,4308052,7997
RS,4308078,6449
RS,4308102,2370
RS,4308201,2728
RS,4308250,3177
RS,4308300,14791
RS,4308409,34048
RS,4308433,7502
RS,4308458,9893
RS,4308508,17287
RS,4308607,2887
RS,4308656,59443
RS,4308706,5363
RS,4308805,20092
RS,4308854,6312
RS,4308904,6061
RS,4309001,16123
RS,4309050,21019
RS,4309100,2022
RS,4309126,3104
RS,4309159,3884
RS,4309209,9951
RS,4309258,8168
RS,4309308,8938
RS,4309407,9160
RS,4309506,13790
RS,4309555,2804
RS,4309571,2364
RS,4309605,11794
RS,4309654,39915
RS,4309704,9998
RS,4309753,4327
RS,4309803,8319
RS,4309902,11623
RS,4309951,7476
RS,4310009,24524
RS,4310108,3654
RS,4310207,23478
RS,4310306,1933
RS,4310330,16
RS,4310363,3988
RS,4310405,7861
RS,4310413,3339
RS,4310439,23081
RS,4310462,3543
RS,4310504,13329
RS,4310538,2355
RS,4310553,92917
RS,4310579,4903
RS,4310603,150258
RS,4310652,2458
RS,4310702,13357
RS,4310751,5311
RS,4310801,1324
RS,4310850,6580
RS,4310876,9886
RS,4310900,3867
RS,4311007,91375
RS,4311106,42650
RS,4311122,28932
RS,4311130,42723
RS,4311155,41285
RS,4311205,60580
RS,4311239,1606
RS,4311254,13385
RS,4311270,3847
RS,4311304,27798
RS,4311403,3077
RS,4311429,486
RS,4311502,165750
RS,4311601,9100
RS,4311627,1153
RS,4311643,1448
RS,4311700,19411
RS,4311718,83388
RS,4311734,2159
RS,4311759,91970
RS,4311775,4429
RS,4311791,2676
RS,4311809,21372
RS,4311908,10233
RS,4311981,7301
RS,4312005,8050
RS,4312054,8177
RS,4312104,18350
RS,4312138,4301
RS,4312153,4006
RS,4312179,6718
RS,4312203,11300
RS,4312252,19510
RS,4312302,8022
RS,4312351,4771
RS,4312377,15517
RS,4312385,768
RS,4312401,12697
RS,4312427,2840
RS,4312443,2820
RS,4312450,9236
RS,4312476,984
RS,4312500,42015
RS,4312609,1782
RS,4312617,22698
RS,4312625,3455
RS,4312658,5461
RS,4312674,4786
RS,4312708,6463
RS,4312757,6548
RS,4312807,5285
RS,4312906,15036
RS,4312955,5847
RS,4313003,4990
RS,4313011,11374
RS,4313037,12122
RS,4313060,759
RS,4313086,2022
RS,4313102,14192
RS,4313201,6214
RS,4313300,7659
RS,4313334,8334
RS,4313359,7437
RS,4313375,7043
RS,4313391,5068
RS,4313409,5130
RS,4313425,6962
RS,4313441,3509
RS,4313466,3933
RS,4313490,4574
RS,4313508,20206
RS,4313607,10180
RS,4313656,26537
RS,4313706,16295
RS,4313805,12764
RS,4313904,16560
RS,4313953,22348
RS,4314001,8255
RS,4314027,7988
RS,4314035,874
RS,4314050,3718
RS,4314068,6522
RS,4314076,15255
RS,4314100,9566
RS,4314134,5005
RS,4314159,7557
RS,4314175,62050
RS,4314209,31829
RS,4314308,8033
RS,4314407,41272
RS,4314423,1085
RS,4314456,6865
RS,4314464,12109
RS,4314472,17156
RS,4314498,8995
RS,4314506,117051
RS,4314548,1401
RS,4314555,23121
RS,4314605,130357
RS,4314704,10708
RS,4314753,2087
RS,4314779,9622
RS,4314787,4715
RS,4314803,7709
RS,4314902,4612
RS,4315008,21853
RS,4315057,7049
RS,4315073,10885
RS,4315107,25214
RS,4315131,3810
RS,4315149,1780
RS,4315156,9623
RS,4315172,6024
RS,4315206,7322
RS,4315305,232149
RS,4315313,3665
RS,4315321,22162
RS,4315354,11723
RS,4315404,6978
RS,4315453,5307
RS,4315503,35045
RS,4315552,12571
RS,4315602,96625
RS,4315701,89845
RS,4315750,1723
RS,4315800,7817
RS,4315909,5248
RS,4315958,11907
RS,4316006,9203
RS,4316105,8502
RS,4316204,13868
RS,4316303,28615
RS,4316402,284845
RS,4316428,2381
RS,4316436,6647
RS,4316451,5543
RS,4316477,8125
RS,4316501,4584
RS,4316600,16693
RS,4316709,12732
RS,4316733,5156
RS,4316758,5665
RS,4316808,22326
RS,4316907,88240
RS,4316956,2919
RS,4316972,40843
RS,4317004,64850
RS,4317103,512941
RS,4317202,20111
RS,4317251,851
RS,4317301,141357
RS,4317400,151612
RS,4317509,18823
RS,4317558,3991
RS,4317608,50636
RS,4317707,121130
RS,4317756,3712
RS,4317806,8759
RS,4317905,42053
RS,4317954,4348
RS,4318002,137928
RS,4318051,3948
RS,4318101,175156
RS,4318200,102044
RS,4318309,264127
RS,4318408,24401
RS,4318424,8170
RS,4318432,3174
RS,4318440,8044
RS,4318457,2933
RS,4318465,3091
RS,4318481,2179
RS,4318499,5966
RS,4318507,40753
RS,4318606,12107
RS,4318614,2023
RS,4318622,46040
RS,4318705,549
RS,4318804,87199
RS,4318903,51320
RS,4319000,4831
RS,4319109,8451
RS,4319125,29929
RS,4319158,42225
RS,4319208,31415
RS,4319307,23325
RS,4319356,2050
RS,4319364,1982
RS,4319372,9071
RS,4319406,53697
RS,4319505,3345
RS,4319604,102986
RS,4319703,5808
RS,4319711,3160
RS,4319737,2383
RS,4319752,732
RS,4319802,68189
RS,4319901,3052
RS,4320008,36
RS,4320107,9496
RS,4320206,13637
RS,4320230,6966
RS,4320263,5968
RS,4320305,9914
RS,4320321,6759
RS,4320354,9809
RS,4320404,9503
RS,4320453,3562
RS,4320503,8716
RS,4320552,3871
RS,4320578,5514
RS,4320602,10639
RS,4320651,3883
RS,4320677,9437
RS,4320701,3865
RS,4320800,40898
RS,4320859,2937
RS,4320909,6934
RS,4321006,5106
RS,4321105,19239
RS,4321204,19121
RS,4321303,10783
RS,4321329,6598
RS,4321352,27199
RS,4321402,13932
RS,4321436,3536
RS,4321451,15932
RS,4321469,2527
RS,4321477,15714
RS,4321493,12836
RS,4321501,3294
RS,4321600,1954
RS,4321626,5504
RS,4321634,6479
RS,4321667,5582
RS,4321709,2541
RS,4321808,17029
RS,4321832,2721
RS,4321857,7281
RS,4321907,19550
RS,4321956,8998
RS,4322004,22745
RS,4322103,6399
RS,4322152,7275
RS,4322186,4934
RS,4322202,55245
RS,4322251,4723
RS,4322301,20705
RS,4322327,12046
RS,4322343,10413
RS,4322350,5417
RS,4322376,42182
RS,4322400,323508
RS,4322509,46361
RS,4322525,17150
RS,4322533,9632
RS,4322541,463
RS,4322558,2826
RS,4322608,37115
RS,4322707,13853
RS,4322806,9020
RS,4322855,8737
RS,4322905,9505
RS,4323002,52462
RS,4323101,14093
RS,4323200,6667
RS,4323309,4612
RS,4323358,4468
RS,4323408,9252
RS,4323457,22584
RS,4323507,8503
RS,4323606,5225
RS,4323705,6211
RS,4323754,11586
RS,4323770,7172
RS,4323804,16
MS,5000203,485095
MS,5000252,328682
MS,5000609,274963
MS,5000708,263304
MS,5000807,251139
MS,5000856,58776
MS,5000906,51314
MS,5001003,172750
MS,5001102,794825
MS,5001243,33634
MS,5001508,186775
MS,5001904,207126
MS,5002001,144993
MS,5002100,402177
MS,5002159,173058
MS,5002209,299027
MS,5002308,463033
MS,5002407,75799
MS,5002605,439147
MS,5002704,520524
MS,5002803,238166
MS,5002902,266164
MS,5002951,126995
MS,5003108,228853
MS,5003157,64023
MS,5003207,1927002
MS,5003256,143737
MS,5003306,427082
MS,5003454,75664
MS,5003488,188095
MS,5003504,7492
MS,5003702,118318
MS,5003751,75900
MS,5003801,15330
MS,5003900,278654
MS,5004007,56528
MS,5004106,97061
MS,5004304,266348
MS,5004403,416756
MS,5004502,32435
MS,5004601,168981
MS,5004700,140308
MS,5004809,37929
MS,5004908,177432
MS,5005004,170894
MS,5005103,117351
MS,5005152,85783
MS,5005202,12249
MS,5005251,45129
MS,5005400,144991
MS,5005608,311693
MS,5005681,25967
MS,5005707,178523
MS,5005806,390417
MS,5006002,169838
MS,5006200,359033
MS,5006259,68450
MS,5006275,332177
MS,5006309,448801
MS,5006358,95820
MS,5006408,230172
MS,5006606,121079
MS,5006903,647006
MS,5007109,1085497
MS,5007208,103523
MS,5007307,125423
MS,5007406,533366
MS,5007505,145700
MS,5007554,544691
MS,5007695,172561
MS,5007703,68471
MS,5007802,190110
MS,5007901,219712
MS,5007935,139587
MS,5007950,161553
MS,5007976,61605
MS,5008008,255474
MS,5008305,500672
MS,5008404,20489
MT,5100102,30156
MT,5100201,297349
MT,5100250,618157
MT,5100300,158603
MT,5100359,20613
MT,5100409,235
MT,5100508,59802
MT,5100607,14404
MT,5100805,247374
MT,5101001,228955
MT,5101209,62
MT,5101258,185038
MT,5101308,26337
MT,5101407,439177
MT,5101605,225979
MT,5101704,206180
MT,5101803,360017
MT,5101852,109829
MT,5101902,312603
MT,5102504,799581
MT,5102603,209104
MT,5102637,103155
MT,5102678,96765
MT,5102686,59015
MT,5102694,127836
MT,5102702,170764
MT,5102793,222347
MT,5102850,362921
MT,5103007,119601
MT,5103056,36910
MT,5103106,454709
MT,5103205,289101
MT,5103254,366060
MT,5103304,250739
MT,5103353,327332
MT,5103361,51973
MT,5103379,245776
MT,5103403,74731
MT,5103437,48717
MT,5103452,63429
MT,5103502,78888
MT,5103601,90101
MT,5103700,19281
MT,5103809,141354
MT,5103858,115792
MT,5103908,69448
MT,5103957,83641
MT,5104104,245084
MT,5104203,106802
MT,5104500,77049
MT,5104526,15021
MT,5104542,34500
MT,5104559,101840
MT,5104609,278828
MT,5104807,66652
MT,5104906,55371
MT,5105002,186426
MT,5105101,770595
MT,5105150,545993
MT,5105176,155605
MT,5105200,122495
MT,5105234,137053
MT,5105259,24328
MT,5105309,30589
MT,5105507,853004
MT,5105580,160323
MT,5105606,194226
MT,5105622,135762
MT,5105903,82269
MT,5106000,53936
MT,5106109,122963
MT,5106158,347789
MT,5106174,56746
MT,5106182,204367
MT,5106190,108860
MT,5106208,104049
MT,5106216,347130
MT,5106224,102990
MT,5106232,67683
MT,5106240,61874
MT,5106257,273149
MT,5106265,294182
MT,5106273,67350
MT,5106281,212016
MT,5106299,317573
MT,5106307,340280
MT,5106315,32877
MT,5106372,275579
MT,5106422,342954
MT,5106455,87943
MT,5106505,289359
MT,5106653,127653
MT,5106703,25547
MT,5106752,521952
MT,5106778,99306
MT,5106802,99562
MT,5106828,447434
MT,5106851,89802
MT,5107008,260050
MT,5107040,39076
MT,5107065,89024
MT,5107107,182524
MT,5107156,37456
MT,5107180,277711
MT,5107198,27114
MT,5107206,42538
MT,5107248,27075
MT,5107263,107697
MT,5107297,56921
MT,5107305,99778
MT,5107354,269925
MT,5107404,20083
MT,5107578,246882
MT,5107602,250242
MT,5107701,174245
MT,5107743,118416
MT,5107750,176572
MT,5107768,22547
MT,5107776,184098
MT,5107792,120
MT,5107800,438943
MT,5107859,266015
MT,5107875,109922
MT,5107883,57325
MT,5107909,43780
MT,5107925,51373
MT,5107941,118002
MT,5107958,208373
MT,5108006,28968
MT,5108055,189030
MT,5108105,102368
MT,5108204,114994
MT,5108303,24605
MT,5108352,102104
MT,5108402,25468
MT,5108501,17079
MT,5108600,514631
MT,5108808,101315
MT,5108857,64801
MT,5108907,51279
MT,5108956,283486
GO,5200050,10101
GO,5200100,48167
GO,5200134,63374
GO,5200159,11849
GO,5200175,43477
GO,5200209,52174
GO,5200258,1256
GO,5200308,36761
GO,5200506,8865
GO,5200555,38192
GO,5200605,30439
GO,5200803,30881
GO,5200829,81853
GO,5200852,15809
GO,5200902,39730
GO,5201108,53941
GO,5201207,5875
GO,5201306,95433
GO,5201405,6868
GO,5201454,47604
GO,5201504,178179
GO,5201603,18278
GO,5201702,23420
GO,5201801,15035
GO,5202155,129274
GO,5202353,75701
GO,5202502,265
GO,5202601,55569
GO,5202809,17933
GO,5203104,57040
GO,5203203,34355
GO,5203302,102225
GO,5203401,102464
GO,5203500,38216
GO,5203559,9504
GO,5203575,105837
GO,5203609,12429
GO,5203807,179
GO,5203906,69737
GO,5203939,20841
GO,5203962,9346
GO,5204003,27747
GO,5204102,135544
GO,5204201,111
GO,5204250,24689
GO,5204300,159199
GO,5204409,305266
GO,5204508,52810
GO,5204557,19217
GO,5204607,25755
GO,5204656,65070
GO,5204706,62225
GO,5204805,63938
GO,5204854,12184
GO,5204904,45100
GO,5204953,40012
GO,5205000,33552
GO,5205059,88
GO,5205109,127497
GO,5205208,25259
GO,5205307,54003
GO,5205406,18385
GO,5205455,30751
GO,5205471,7384
GO,5205497,11854
GO,5205513,60252
GO,5205521,27927
GO,5205703,54307
GO,5205802,58200
GO,5205901,526
GO,5206206,98739
GO,5206305,12239
GO,5206404,253561
GO,5206503,31472
GO,5206602,47593
GO,5206701,21553
GO,5206800,11393
GO,5206909,27742
GO,5207105,60662
GO,5207253,214202
GO,5207352,348
GO,5207402,46072
GO,5207501,15959
GO,5207535,125301
GO,5207600,110208
GO,5207808,48689
GO,5207907,156613
GO,5208004,196552
GO,5208103,48242
GO,5208152,28439
GO,5208301,46808
GO,5208400,13985
GO,5208509,38293
GO,5208608,99734
GO,5208707,23322
GO,5208806,18042
GO,5208905,237017
GO,5209101,70263
GO,5209150,31566
GO,5209200,48828
GO,5209291,21702
GO,5209408,56642
GO,5209457,42013
GO,5209606,18268
GO,5209705,65818
GO,5209804,48851
GO,5209903,142967
GO,5209937,26705
GO,5209952,60542
GO,5210000,70851
GO,5210109,158798
GO,5210158,17402
GO,5210208,78664
GO,5210307,209
GO,5210406,120038
GO,5210562,11854
GO,5210604,21894
GO,5210802,154570
GO,5210901,70291
GO,5211008,188676
GO,5211206,104817
GO,5211305,248994
GO,5211404,43961
GO,5211503,111693
GO,5211602,83088
GO,5211701,66061
GO,5211800,141373
GO,5211909,233831
GO,5212006,32618
GO,5212055,14417
GO,5212105,19509
GO,5212204,307201
GO,5212253,36162
GO,5212303,33509
GO,5212501,125179
GO,5212600,38160
GO,5212709,7026
GO,5212808,112657
GO,5212907,16737
GO,5212956,89886
GO,5213004,17973
GO,5213053,46785
GO,5213087,93296
GO,5213103,231136
GO,5213400,40129
GO,5213509,134050
GO,5213707,213602
GO,5213756,30946
GO,5213772,68230
GO,5213806,227783
GO,5213855,27704
GO,5213905,72024
GO,5214002,162820
GO,5214051,175236
GO,5214101,66616
GO,5214408,57803
GO,5214507,14926
GO,5214606,147565
GO,5214705,18992
GO,5214804,24447
GO,5214838,583411
GO,5214861,16895
GO,5214879,42216
GO,5214903,71749
GO,5215009,19561
GO,5215207,75292
GO,5215231,8091
GO,5215256,371
GO,5215306,135854
GO,5215405,29216
GO,5215504,23834
GO,5215603,110676
GO,5215652,88264
GO,5215702,114354
GO,5215801,4051
GO,5215900,35619
GO,5216007,20839
GO,5216304,66948
GO,5216403,134222
GO,5216452,12094
GO,5216809,63982
GO,5216908,62281
GO,5217104,192115
GO,5217203,139868
GO,5217302,100547
GO,5217401,83084
GO,5217609,34356
GO,5217708,111505
GO,5218003,315052
GO,5218052,45
GO,5218102,18989
GO,5218300,80886
GO,5218391,28337
GO,5218508,203894
GO,5218607,11538
GO,5218706,11920
GO,5218789,19085
GO,5218805,234921
GO,5218904,65269
GO,5219001,57392
GO,5219100,14547
GO,5219209,59751
GO,5219258,108226
GO,5219308,58828
GO,5219357,49369
GO,5219407,48598
GO,5219456,45154
GO,5219506,16505
GO,5219605,61745
GO,5219704,91758
GO,5219712,24319
GO,5219738,13024
GO,5219753,25613
GO,5219803,119563
GO,5219902,48007
GO,5220009,51577
GO,5220058,18766
GO,5220108,100749
GO,5220157,26299
GO,5220207,480849
GO,5220264,33547
GO,5220280,19268
GO,5220405,24950
GO,5220454,11101
GO,5220504,179045
GO,5220603,94251
GO,5220686,11776
GO,5220702,33745
GO,5221007,16073
GO,5221080,7222
GO,5221197,8790
GO,5221304,12991
GO,5221403,63661
GO,5221452,37955
GO,5221502,47777
GO,5221551,20648
GO,5221577,81074
GO,5221601,82465
GO,5221700,47340
GO,5221809,45727
GO,5221858,0
GO,5221908,43847
GO,5222005,43894
GO,5222054,24020
GO,5222203,42822
GO,5222302,79103
DF,5300108,62910
